INFO:     Will watch for changes in these directories: ['C:\\Projeto\\Fazenda Morro Branco\\Code\\backend']
INFO:     Uvicorn running on http://0.0.0.0:8000 (Press CTRL+C to quit)
INFO:     Started reloader process [17748] using StatReload
INFO:     Started server process [1824]
INFO:     Waiting for application startup.
INFO:     Application startup complete.
WARNING:  StatReload detected changes in 'services\data_cleaner.py'. Reloading...
INFO:     Shutting down
INFO:     Waiting for application shutdown.
INFO:     Application shutdown complete.
INFO:     Finished server process [1824]
INFO:     Started server process [14760]
INFO:     Waiting for application startup.
INFO:     Application startup complete.
WARNING:  StatReload detected changes in 'main.py'. Reloading...
INFO:     Shutting down
INFO:     Waiting for application shutdown.
INFO:     Application shutdown complete.
INFO:     Finished server process [14760]
INFO:     Started server process [22380]
INFO:     Waiting for application startup.
INFO:     Application startup complete.
ERROR:    Exception in ASGI application
Traceback (most recent call last):
  File "C:\Projeto\Fazenda Morro Branco\Code\backend\venv\Lib\site-packages\uvicorn\protocols\http\h11_impl.py", line 415, in run_asgi
    result = await app(  # type: ignore[func-returns-value]
             ^^^^^^^^^^^^^^^^^^^^^^^^^^^^^^^^^^^^^^^^^^^^^^
        self.scope, self.receive, self.send
        ^^^^^^^^^^^^^^^^^^^^^^^^^^^^^^^^^^^
    )
    ^
  File "C:\Projeto\Fazenda Morro Branco\Code\backend\venv\Lib\site-packages\uvicorn\middleware\proxy_headers.py", line 56, in __call__
    return await self.app(scope, receive, send)
           ^^^^^^^^^^^^^^^^^^^^^^^^^^^^^^^^^^^^
  File "C:\Projeto\Fazenda Morro Branco\Code\backend\venv\Lib\site-packages\fastapi\applications.py", line 1159, in __call__
    await super().__call__(scope, receive, send)
  File "C:\Projeto\Fazenda Morro Branco\Code\backend\venv\Lib\site-packages\starlette\applications.py", line 90, in __call__
    await self.middleware_stack(scope, receive, send)
  File "C:\Projeto\Fazenda Morro Branco\Code\backend\venv\Lib\site-packages\starlette\middleware\errors.py", line 186, in __call__
    raise exc
  File "C:\Projeto\Fazenda Morro Branco\Code\backend\venv\Lib\site-packages\starlette\middleware\errors.py", line 164, in __call__
    await self.app(scope, receive, _send)
  File "C:\Projeto\Fazenda Morro Branco\Code\backend\venv\Lib\site-packages\starlette\middleware\cors.py", line 96, in __call__
    await self.simple_response(scope, receive, send, request_headers=headers)
  File "C:\Projeto\Fazenda Morro Branco\Code\backend\venv\Lib\site-packages\starlette\middleware\cors.py", line 154, in simple_response
    await self.app(scope, receive, send)
  File "C:\Projeto\Fazenda Morro Branco\Code\backend\venv\Lib\site-packages\starlette\middleware\exceptions.py", line 63, in __call__
    await wrap_app_handling_exceptions(self.app, conn)(scope, receive, send)
  File "C:\Projeto\Fazenda Morro Branco\Code\backend\venv\Lib\site-packages\starlette\_exception_handler.py", line 53, in wrapped_app
    raise exc
  File "C:\Projeto\Fazenda Morro Branco\Code\backend\venv\Lib\site-packages\starlette\_exception_handler.py", line 42, in wrapped_app
    await app(scope, receive, sender)
  File "C:\Projeto\Fazenda Morro Branco\Code\backend\venv\Lib\site-packages\fastapi\middleware\asyncexitstack.py", line 18, in __call__
    await self.app(scope, receive, send)
  File "C:\Projeto\Fazenda Morro Branco\Code\backend\venv\Lib\site-packages\starlette\routing.py", line 660, in __call__
    await self.middleware_stack(scope, receive, send)
  File "C:\Projeto\Fazenda Morro Branco\Code\backend\venv\Lib\site-packages\starlette\routing.py", line 680, in app
    await route.handle(scope, receive, send)
  File "C:\Projeto\Fazenda Morro Branco\Code\backend\venv\Lib\site-packages\starlette\routing.py", line 276, in handle
    await self.app(scope, receive, send)
  File "C:\Projeto\Fazenda Morro Branco\Code\backend\venv\Lib\site-packages\fastapi\routing.py", line 134, in app
    await wrap_app_handling_exceptions(app, request)(scope, receive, send)
  File "C:\Projeto\Fazenda Morro Branco\Code\backend\venv\Lib\site-packages\starlette\_exception_handler.py", line 53, in wrapped_app
    raise exc
  File "C:\Projeto\Fazenda Morro Branco\Code\backend\venv\Lib\site-packages\starlette\_exception_handler.py", line 42, in wrapped_app
    await app(scope, receive, sender)
  File "C:\Projeto\Fazenda Morro Branco\Code\backend\venv\Lib\site-packages\fastapi\routing.py", line 120, in app
    response = await f(request)
               ^^^^^^^^^^^^^^^^
  File "C:\Projeto\Fazenda Morro Branco\Code\backend\venv\Lib\site-packages\fastapi\routing.py", line 674, in app
    raw_response = await run_endpoint_function(
                   ^^^^^^^^^^^^^^^^^^^^^^^^^^^^
    ...<3 lines>...
    )
    ^
  File "C:\Projeto\Fazenda Morro Branco\Code\backend\venv\Lib\site-packages\fastapi\routing.py", line 330, in run_endpoint_function
    return await run_in_threadpool(dependant.call, **values)
           ^^^^^^^^^^^^^^^^^^^^^^^^^^^^^^^^^^^^^^^^^^^^^^^^^
  File "C:\Projeto\Fazenda Morro Branco\Code\backend\venv\Lib\site-packages\starlette\concurrency.py", line 32, in run_in_threadpool
    return await anyio.to_thread.run_sync(func)
           ^^^^^^^^^^^^^^^^^^^^^^^^^^^^^^^^^^^^
  File "C:\Projeto\Fazenda Morro Branco\Code\backend\venv\Lib\site-packages\anyio\to_thread.py", line 63, in run_sync
    return await get_async_backend().run_sync_in_worker_thread(
           ^^^^^^^^^^^^^^^^^^^^^^^^^^^^^^^^^^^^^^^^^^^^^^^^^^^^
        func, args, abandon_on_cancel=abandon_on_cancel, limiter=limiter
        ^^^^^^^^^^^^^^^^^^^^^^^^^^^^^^^^^^^^^^^^^^^^^^^^^^^^^^^^^^^^^^^^
    )
    ^
  File "C:\Projeto\Fazenda Morro Branco\Code\backend\venv\Lib\site-packages\anyio\_backends\_asyncio.py", line 2518, in run_sync_in_worker_thread
    return await future
           ^^^^^^^^^^^^
  File "C:\Projeto\Fazenda Morro Branco\Code\backend\venv\Lib\site-packages\anyio\_backends\_asyncio.py", line 1002, in run
    result = context.run(func, *args)
  File "C:\Projeto\Fazenda Morro Branco\Code\backend\main.py", line 406, in dashboard
    kpis     = calculate_kpis(filtered_base, start_date=start_date, end_date=end_date)
  File "C:\Projeto\Fazenda Morro Branco\Code\backend\services\kpi_engine.py", line 470, in calculate_kpis
    kpis["total_entradas"] = int(ent_mask.sum())
                             ~~~^^^^^^^^^^^^^^^^
ValueError: invalid literal for int() with base 10: ''
WARNING:  StatReload detected changes in 'services\excel_reader.py'. Reloading...
INFO:     Shutting down
INFO:     Waiting for application shutdown.
INFO:     Application shutdown complete.
INFO:     Finished server process [22380]
INFO:     Started server process [22648]
INFO:     Waiting for application startup.
INFO:     Application startup complete.
C:\Projeto\Fazenda Morro Branco\Code\backend\services\data_cleaner.py:86: UserWarning: Could not infer format, so each element will be parsed individually, falling back to `dateutil`. To ensure parsing is consistent and as-expected, please specify a format.
  df["data_pesagem"] = pd.to_datetime(col, errors="coerce", dayfirst=True)
C:\Projeto\Fazenda Morro Branco\Code\backend\services\data_cleaner.py:86: UserWarning: Could not infer format, so each element will be parsed individually, falling back to `dateutil`. To ensure parsing is consistent and as-expected, please specify a format.
  df["data_pesagem"] = pd.to_datetime(col, errors="coerce", dayfirst=True)
ERROR:    Exception in ASGI application
Traceback (most recent call last):
  File "C:\Projeto\Fazenda Morro Branco\Code\backend\venv\Lib\site-packages\uvicorn\protocols\http\h11_impl.py", line 415, in run_asgi
    result = await app(  # type: ignore[func-returns-value]
             ^^^^^^^^^^^^^^^^^^^^^^^^^^^^^^^^^^^^^^^^^^^^^^
        self.scope, self.receive, self.send
        ^^^^^^^^^^^^^^^^^^^^^^^^^^^^^^^^^^^
    )
    ^
  File "C:\Projeto\Fazenda Morro Branco\Code\backend\venv\Lib\site-packages\uvicorn\middleware\proxy_headers.py", line 56, in __call__
    return await self.app(scope, receive, send)
           ^^^^^^^^^^^^^^^^^^^^^^^^^^^^^^^^^^^^
  File "C:\Projeto\Fazenda Morro Branco\Code\backend\venv\Lib\site-packages\fastapi\applications.py", line 1159, in __call__
    await super().__call__(scope, receive, send)
  File "C:\Projeto\Fazenda Morro Branco\Code\backend\venv\Lib\site-packages\starlette\applications.py", line 90, in __call__
    await self.middleware_stack(scope, receive, send)
  File "C:\Projeto\Fazenda Morro Branco\Code\backend\venv\Lib\site-packages\starlette\middleware\errors.py", line 186, in __call__
    raise exc
  File "C:\Projeto\Fazenda Morro Branco\Code\backend\venv\Lib\site-packages\starlette\middleware\errors.py", line 164, in __call__
    await self.app(scope, receive, _send)
  File "C:\Projeto\Fazenda Morro Branco\Code\backend\venv\Lib\site-packages\starlette\middleware\cors.py", line 96, in __call__
    await self.simple_response(scope, receive, send, request_headers=headers)
  File "C:\Projeto\Fazenda Morro Branco\Code\backend\venv\Lib\site-packages\starlette\middleware\cors.py", line 154, in simple_response
    await self.app(scope, receive, send)
  File "C:\Projeto\Fazenda Morro Branco\Code\backend\venv\Lib\site-packages\starlette\middleware\exceptions.py", line 63, in __call__
    await wrap_app_handling_exceptions(self.app, conn)(scope, receive, send)
  File "C:\Projeto\Fazenda Morro Branco\Code\backend\venv\Lib\site-packages\starlette\_exception_handler.py", line 53, in wrapped_app
    raise exc
  File "C:\Projeto\Fazenda Morro Branco\Code\backend\venv\Lib\site-packages\starlette\_exception_handler.py", line 42, in wrapped_app
    await app(scope, receive, sender)
  File "C:\Projeto\Fazenda Morro Branco\Code\backend\venv\Lib\site-packages\fastapi\middleware\asyncexitstack.py", line 18, in __call__
    await self.app(scope, receive, send)
  File "C:\Projeto\Fazenda Morro Branco\Code\backend\venv\Lib\site-packages\starlette\routing.py", line 660, in __call__
    await self.middleware_stack(scope, receive, send)
  File "C:\Projeto\Fazenda Morro Branco\Code\backend\venv\Lib\site-packages\starlette\routing.py", line 680, in app
    await route.handle(scope, receive, send)
  File "C:\Projeto\Fazenda Morro Branco\Code\backend\venv\Lib\site-packages\starlette\routing.py", line 276, in handle
    await self.app(scope, receive, send)
  File "C:\Projeto\Fazenda Morro Branco\Code\backend\venv\Lib\site-packages\fastapi\routing.py", line 134, in app
    await wrap_app_handling_exceptions(app, request)(scope, receive, send)
  File "C:\Projeto\Fazenda Morro Branco\Code\backend\venv\Lib\site-packages\starlette\_exception_handler.py", line 53, in wrapped_app
    raise exc
  File "C:\Projeto\Fazenda Morro Branco\Code\backend\venv\Lib\site-packages\starlette\_exception_handler.py", line 42, in wrapped_app
    await app(scope, receive, sender)
  File "C:\Projeto\Fazenda Morro Branco\Code\backend\venv\Lib\site-packages\fastapi\routing.py", line 120, in app
    response = await f(request)
               ^^^^^^^^^^^^^^^^
  File "C:\Projeto\Fazenda Morro Branco\Code\backend\venv\Lib\site-packages\fastapi\routing.py", line 674, in app
    raw_response = await run_endpoint_function(
                   ^^^^^^^^^^^^^^^^^^^^^^^^^^^^
    ...<3 lines>...
    )
    ^
  File "C:\Projeto\Fazenda Morro Branco\Code\backend\venv\Lib\site-packages\fastapi\routing.py", line 330, in run_endpoint_function
    return await run_in_threadpool(dependant.call, **values)
           ^^^^^^^^^^^^^^^^^^^^^^^^^^^^^^^^^^^^^^^^^^^^^^^^^
  File "C:\Projeto\Fazenda Morro Branco\Code\backend\venv\Lib\site-packages\starlette\concurrency.py", line 32, in run_in_threadpool
    return await anyio.to_thread.run_sync(func)
           ^^^^^^^^^^^^^^^^^^^^^^^^^^^^^^^^^^^^
  File "C:\Projeto\Fazenda Morro Branco\Code\backend\venv\Lib\site-packages\anyio\to_thread.py", line 63, in run_sync
    return await get_async_backend().run_sync_in_worker_thread(
           ^^^^^^^^^^^^^^^^^^^^^^^^^^^^^^^^^^^^^^^^^^^^^^^^^^^^
        func, args, abandon_on_cancel=abandon_on_cancel, limiter=limiter
        ^^^^^^^^^^^^^^^^^^^^^^^^^^^^^^^^^^^^^^^^^^^^^^^^^^^^^^^^^^^^^^^^
    )
    ^
  File "C:\Projeto\Fazenda Morro Branco\Code\backend\venv\Lib\site-packages\anyio\_backends\_asyncio.py", line 2518, in run_sync_in_worker_thread
    return await future
           ^^^^^^^^^^^^
  File "C:\Projeto\Fazenda Morro Branco\Code\backend\venv\Lib\site-packages\anyio\_backends\_asyncio.py", line 1002, in run
    result = context.run(func, *args)
  File "C:\Projeto\Fazenda Morro Branco\Code\backend\main.py", line 619, in get_data
    return JSONResponse(content=_sanitize({
        "records":          records,
    ...<5 lines>...
        "editable_columns": editable,
    }))
  File "C:\Projeto\Fazenda Morro Branco\Code\backend\venv\Lib\site-packages\starlette\responses.py", line 192, in __init__
    super().__init__(content, status_code, headers, media_type, background)
    ~~~~~~~~~~~~~~~~^^^^^^^^^^^^^^^^^^^^^^^^^^^^^^^^^^^^^^^^^^^^^^^^^^^^^^^
  File "C:\Projeto\Fazenda Morro Branco\Code\backend\venv\Lib\site-packages\starlette\responses.py", line 45, in __init__
    self.body = self.render(content)
                ~~~~~~~~~~~^^^^^^^^^
  File "C:\Projeto\Fazenda Morro Branco\Code\backend\venv\Lib\site-packages\starlette\responses.py", line 195, in render
    return json.dumps(
           ~~~~~~~~~~^
        content,
        ^^^^^^^^
    ...<3 lines>...
        separators=(",", ":"),
        ^^^^^^^^^^^^^^^^^^^^^^
    ).encode("utf-8")
    ^
  File "C:\Users\Administrador\AppData\Local\Python\pythoncore-3.14-64\Lib\json\__init__.py", line 242, in dumps
    **kw).encode(obj)
          ~~~~~~^^^^^
  File "C:\Users\Administrador\AppData\Local\Python\pythoncore-3.14-64\Lib\json\encoder.py", line 202, in encode
    chunks = self.iterencode(o, _one_shot=True)
  File "C:\Users\Administrador\AppData\Local\Python\pythoncore-3.14-64\Lib\json\encoder.py", line 263, in iterencode
    return _iterencode(o, 0)
  File "C:\Users\Administrador\AppData\Local\Python\pythoncore-3.14-64\Lib\json\encoder.py", line 182, in default
    raise TypeError(f'Object of type {o.__class__.__name__} '
                    f'is not JSON serializable')
TypeError: Object of type NaTType is not JSON serializable
when serializing dict item 'data'
when serializing list item 0
when serializing dict item 'records'
ERROR:    Exception in ASGI application
Traceback (most recent call last):
  File "C:\Projeto\Fazenda Morro Branco\Code\backend\venv\Lib\site-packages\uvicorn\protocols\http\h11_impl.py", line 415, in run_asgi
    result = await app(  # type: ignore[func-returns-value]
             ^^^^^^^^^^^^^^^^^^^^^^^^^^^^^^^^^^^^^^^^^^^^^^
        self.scope, self.receive, self.send
        ^^^^^^^^^^^^^^^^^^^^^^^^^^^^^^^^^^^
    )
    ^
  File "C:\Projeto\Fazenda Morro Branco\Code\backend\venv\Lib\site-packages\uvicorn\middleware\proxy_headers.py", line 56, in __call__
    return await self.app(scope, receive, send)
           ^^^^^^^^^^^^^^^^^^^^^^^^^^^^^^^^^^^^
  File "C:\Projeto\Fazenda Morro Branco\Code\backend\venv\Lib\site-packages\fastapi\applications.py", line 1159, in __call__
    await super().__call__(scope, receive, send)
  File "C:\Projeto\Fazenda Morro Branco\Code\backend\venv\Lib\site-packages\starlette\applications.py", line 90, in __call__
    await self.middleware_stack(scope, receive, send)
  File "C:\Projeto\Fazenda Morro Branco\Code\backend\venv\Lib\site-packages\starlette\middleware\errors.py", line 186, in __call__
    raise exc
  File "C:\Projeto\Fazenda Morro Branco\Code\backend\venv\Lib\site-packages\starlette\middleware\errors.py", line 164, in __call__
    await self.app(scope, receive, _send)
  File "C:\Projeto\Fazenda Morro Branco\Code\backend\venv\Lib\site-packages\starlette\middleware\cors.py", line 96, in __call__
    await self.simple_response(scope, receive, send, request_headers=headers)
  File "C:\Projeto\Fazenda Morro Branco\Code\backend\venv\Lib\site-packages\starlette\middleware\cors.py", line 154, in simple_response
    await self.app(scope, receive, send)
  File "C:\Projeto\Fazenda Morro Branco\Code\backend\venv\Lib\site-packages\starlette\middleware\exceptions.py", line 63, in __call__
    await wrap_app_handling_exceptions(self.app, conn)(scope, receive, send)
  File "C:\Projeto\Fazenda Morro Branco\Code\backend\venv\Lib\site-packages\starlette\_exception_handler.py", line 53, in wrapped_app
    raise exc
  File "C:\Projeto\Fazenda Morro Branco\Code\backend\venv\Lib\site-packages\starlette\_exception_handler.py", line 42, in wrapped_app
    await app(scope, receive, sender)
  File "C:\Projeto\Fazenda Morro Branco\Code\backend\venv\Lib\site-packages\fastapi\middleware\asyncexitstack.py", line 18, in __call__
    await self.app(scope, receive, send)
  File "C:\Projeto\Fazenda Morro Branco\Code\backend\venv\Lib\site-packages\starlette\routing.py", line 660, in __call__
    await self.middleware_stack(scope, receive, send)
  File "C:\Projeto\Fazenda Morro Branco\Code\backend\venv\Lib\site-packages\starlette\routing.py", line 680, in app
    await route.handle(scope, receive, send)
  File "C:\Projeto\Fazenda Morro Branco\Code\backend\venv\Lib\site-packages\starlette\routing.py", line 276, in handle
    await self.app(scope, receive, send)
  File "C:\Projeto\Fazenda Morro Branco\Code\backend\venv\Lib\site-packages\fastapi\routing.py", line 134, in app
    await wrap_app_handling_exceptions(app, request)(scope, receive, send)
  File "C:\Projeto\Fazenda Morro Branco\Code\backend\venv\Lib\site-packages\starlette\_exception_handler.py", line 53, in wrapped_app
    raise exc
  File "C:\Projeto\Fazenda Morro Branco\Code\backend\venv\Lib\site-packages\starlette\_exception_handler.py", line 42, in wrapped_app
    await app(scope, receive, sender)
  File "C:\Projeto\Fazenda Morro Branco\Code\backend\venv\Lib\site-packages\fastapi\routing.py", line 120, in app
    response = await f(request)
               ^^^^^^^^^^^^^^^^
  File "C:\Projeto\Fazenda Morro Branco\Code\backend\venv\Lib\site-packages\fastapi\routing.py", line 674, in app
    raw_response = await run_endpoint_function(
                   ^^^^^^^^^^^^^^^^^^^^^^^^^^^^
    ...<3 lines>...
    )
    ^
  File "C:\Projeto\Fazenda Morro Branco\Code\backend\venv\Lib\site-packages\fastapi\routing.py", line 330, in run_endpoint_function
    return await run_in_threadpool(dependant.call, **values)
           ^^^^^^^^^^^^^^^^^^^^^^^^^^^^^^^^^^^^^^^^^^^^^^^^^
  File "C:\Projeto\Fazenda Morro Branco\Code\backend\venv\Lib\site-packages\starlette\concurrency.py", line 32, in run_in_threadpool
    return await anyio.to_thread.run_sync(func)
           ^^^^^^^^^^^^^^^^^^^^^^^^^^^^^^^^^^^^
  File "C:\Projeto\Fazenda Morro Branco\Code\backend\venv\Lib\site-packages\anyio\to_thread.py", line 63, in run_sync
    return await get_async_backend().run_sync_in_worker_thread(
           ^^^^^^^^^^^^^^^^^^^^^^^^^^^^^^^^^^^^^^^^^^^^^^^^^^^^
        func, args, abandon_on_cancel=abandon_on_cancel, limiter=limiter
        ^^^^^^^^^^^^^^^^^^^^^^^^^^^^^^^^^^^^^^^^^^^^^^^^^^^^^^^^^^^^^^^^
    )
    ^
  File "C:\Projeto\Fazenda Morro Branco\Code\backend\venv\Lib\site-packages\anyio\_backends\_asyncio.py", line 2518, in run_sync_in_worker_thread
    return await future
           ^^^^^^^^^^^^
  File "C:\Projeto\Fazenda Morro Branco\Code\backend\venv\Lib\site-packages\anyio\_backends\_asyncio.py", line 1002, in run
    result = context.run(func, *args)
  File "C:\Projeto\Fazenda Morro Branco\Code\backend\main.py", line 619, in get_data
    return JSONResponse(content=_sanitize({
        "records":          records,
    ...<5 lines>...
        "editable_columns": editable,
    }))
  File "C:\Projeto\Fazenda Morro Branco\Code\backend\venv\Lib\site-packages\starlette\responses.py", line 192, in __init__
    super().__init__(content, status_code, headers, media_type, background)
    ~~~~~~~~~~~~~~~~^^^^^^^^^^^^^^^^^^^^^^^^^^^^^^^^^^^^^^^^^^^^^^^^^^^^^^^
  File "C:\Projeto\Fazenda Morro Branco\Code\backend\venv\Lib\site-packages\starlette\responses.py", line 45, in __init__
    self.body = self.render(content)
                ~~~~~~~~~~~^^^^^^^^^
  File "C:\Projeto\Fazenda Morro Branco\Code\backend\venv\Lib\site-packages\starlette\responses.py", line 195, in render
    return json.dumps(
           ~~~~~~~~~~^
        content,
        ^^^^^^^^
    ...<3 lines>...
        separators=(",", ":"),
        ^^^^^^^^^^^^^^^^^^^^^^
    ).encode("utf-8")
    ^
  File "C:\Users\Administrador\AppData\Local\Python\pythoncore-3.14-64\Lib\json\__init__.py", line 242, in dumps
    **kw).encode(obj)
          ~~~~~~^^^^^
  File "C:\Users\Administrador\AppData\Local\Python\pythoncore-3.14-64\Lib\json\encoder.py", line 202, in encode
    chunks = self.iterencode(o, _one_shot=True)
  File "C:\Users\Administrador\AppData\Local\Python\pythoncore-3.14-64\Lib\json\encoder.py", line 263, in iterencode
    return _iterencode(o, 0)
  File "C:\Users\Administrador\AppData\Local\Python\pythoncore-3.14-64\Lib\json\encoder.py", line 182, in default
    raise TypeError(f'Object of type {o.__class__.__name__} '
                    f'is not JSON serializable')
TypeError: Object of type NaTType is not JSON serializable
when serializing dict item 'data'
when serializing list item 0
when serializing dict item 'records'
ERROR:    Exception in ASGI application
Traceback (most recent call last):
  File "C:\Projeto\Fazenda Morro Branco\Code\backend\venv\Lib\site-packages\uvicorn\protocols\http\h11_impl.py", line 415, in run_asgi
    result = await app(  # type: ignore[func-returns-value]
             ^^^^^^^^^^^^^^^^^^^^^^^^^^^^^^^^^^^^^^^^^^^^^^
        self.scope, self.receive, self.send
        ^^^^^^^^^^^^^^^^^^^^^^^^^^^^^^^^^^^
    )
    ^
  File "C:\Projeto\Fazenda Morro Branco\Code\backend\venv\Lib\site-packages\uvicorn\middleware\proxy_headers.py", line 56, in __call__
    return await self.app(scope, receive, send)
           ^^^^^^^^^^^^^^^^^^^^^^^^^^^^^^^^^^^^
  File "C:\Projeto\Fazenda Morro Branco\Code\backend\venv\Lib\site-packages\fastapi\applications.py", line 1159, in __call__
    await super().__call__(scope, receive, send)
  File "C:\Projeto\Fazenda Morro Branco\Code\backend\venv\Lib\site-packages\starlette\applications.py", line 90, in __call__
    await self.middleware_stack(scope, receive, send)
  File "C:\Projeto\Fazenda Morro Branco\Code\backend\venv\Lib\site-packages\starlette\middleware\errors.py", line 186, in __call__
    raise exc
  File "C:\Projeto\Fazenda Morro Branco\Code\backend\venv\Lib\site-packages\starlette\middleware\errors.py", line 164, in __call__
    await self.app(scope, receive, _send)
  File "C:\Projeto\Fazenda Morro Branco\Code\backend\venv\Lib\site-packages\starlette\middleware\cors.py", line 96, in __call__
    await self.simple_response(scope, receive, send, request_headers=headers)
  File "C:\Projeto\Fazenda Morro Branco\Code\backend\venv\Lib\site-packages\starlette\middleware\cors.py", line 154, in simple_response
    await self.app(scope, receive, send)
  File "C:\Projeto\Fazenda Morro Branco\Code\backend\venv\Lib\site-packages\starlette\middleware\exceptions.py", line 63, in __call__
    await wrap_app_handling_exceptions(self.app, conn)(scope, receive, send)
  File "C:\Projeto\Fazenda Morro Branco\Code\backend\venv\Lib\site-packages\starlette\_exception_handler.py", line 53, in wrapped_app
    raise exc
  File "C:\Projeto\Fazenda Morro Branco\Code\backend\venv\Lib\site-packages\starlette\_exception_handler.py", line 42, in wrapped_app
    await app(scope, receive, sender)
  File "C:\Projeto\Fazenda Morro Branco\Code\backend\venv\Lib\site-packages\fastapi\middleware\asyncexitstack.py", line 18, in __call__
    await self.app(scope, receive, send)
  File "C:\Projeto\Fazenda Morro Branco\Code\backend\venv\Lib\site-packages\starlette\routing.py", line 660, in __call__
    await self.middleware_stack(scope, receive, send)
  File "C:\Projeto\Fazenda Morro Branco\Code\backend\venv\Lib\site-packages\starlette\routing.py", line 680, in app
    await route.handle(scope, receive, send)
  File "C:\Projeto\Fazenda Morro Branco\Code\backend\venv\Lib\site-packages\starlette\routing.py", line 276, in handle
    await self.app(scope, receive, send)
  File "C:\Projeto\Fazenda Morro Branco\Code\backend\venv\Lib\site-packages\fastapi\routing.py", line 134, in app
    await wrap_app_handling_exceptions(app, request)(scope, receive, send)
  File "C:\Projeto\Fazenda Morro Branco\Code\backend\venv\Lib\site-packages\starlette\_exception_handler.py", line 53, in wrapped_app
    raise exc
  File "C:\Projeto\Fazenda Morro Branco\Code\backend\venv\Lib\site-packages\starlette\_exception_handler.py", line 42, in wrapped_app
    await app(scope, receive, sender)
  File "C:\Projeto\Fazenda Morro Branco\Code\backend\venv\Lib\site-packages\fastapi\routing.py", line 120, in app
    response = await f(request)
               ^^^^^^^^^^^^^^^^
  File "C:\Projeto\Fazenda Morro Branco\Code\backend\venv\Lib\site-packages\fastapi\routing.py", line 674, in app
    raw_response = await run_endpoint_function(
                   ^^^^^^^^^^^^^^^^^^^^^^^^^^^^
    ...<3 lines>...
    )
    ^
  File "C:\Projeto\Fazenda Morro Branco\Code\backend\venv\Lib\site-packages\fastapi\routing.py", line 330, in run_endpoint_function
    return await run_in_threadpool(dependant.call, **values)
           ^^^^^^^^^^^^^^^^^^^^^^^^^^^^^^^^^^^^^^^^^^^^^^^^^
  File "C:\Projeto\Fazenda Morro Branco\Code\backend\venv\Lib\site-packages\starlette\concurrency.py", line 32, in run_in_threadpool
    return await anyio.to_thread.run_sync(func)
           ^^^^^^^^^^^^^^^^^^^^^^^^^^^^^^^^^^^^
  File "C:\Projeto\Fazenda Morro Branco\Code\backend\venv\Lib\site-packages\anyio\to_thread.py", line 63, in run_sync
    return await get_async_backend().run_sync_in_worker_thread(
           ^^^^^^^^^^^^^^^^^^^^^^^^^^^^^^^^^^^^^^^^^^^^^^^^^^^^
        func, args, abandon_on_cancel=abandon_on_cancel, limiter=limiter
        ^^^^^^^^^^^^^^^^^^^^^^^^^^^^^^^^^^^^^^^^^^^^^^^^^^^^^^^^^^^^^^^^
    )
    ^
  File "C:\Projeto\Fazenda Morro Branco\Code\backend\venv\Lib\site-packages\anyio\_backends\_asyncio.py", line 2518, in run_sync_in_worker_thread
    return await future
           ^^^^^^^^^^^^
  File "C:\Projeto\Fazenda Morro Branco\Code\backend\venv\Lib\site-packages\anyio\_backends\_asyncio.py", line 1002, in run
    result = context.run(func, *args)
  File "C:\Projeto\Fazenda Morro Branco\Code\backend\main.py", line 619, in get_data
    return JSONResponse(content=_sanitize({
        "records":          records,
    ...<5 lines>...
        "editable_columns": editable,
    }))
  File "C:\Projeto\Fazenda Morro Branco\Code\backend\venv\Lib\site-packages\starlette\responses.py", line 192, in __init__
    super().__init__(content, status_code, headers, media_type, background)
    ~~~~~~~~~~~~~~~~^^^^^^^^^^^^^^^^^^^^^^^^^^^^^^^^^^^^^^^^^^^^^^^^^^^^^^^
  File "C:\Projeto\Fazenda Morro Branco\Code\backend\venv\Lib\site-packages\starlette\responses.py", line 45, in __init__
    self.body = self.render(content)
                ~~~~~~~~~~~^^^^^^^^^
  File "C:\Projeto\Fazenda Morro Branco\Code\backend\venv\Lib\site-packages\starlette\responses.py", line 195, in render
    return json.dumps(
           ~~~~~~~~~~^
        content,
        ^^^^^^^^
    ...<3 lines>...
        separators=(",", ":"),
        ^^^^^^^^^^^^^^^^^^^^^^
    ).encode("utf-8")
    ^
  File "C:\Users\Administrador\AppData\Local\Python\pythoncore-3.14-64\Lib\json\__init__.py", line 242, in dumps
    **kw).encode(obj)
          ~~~~~~^^^^^
  File "C:\Users\Administrador\AppData\Local\Python\pythoncore-3.14-64\Lib\json\encoder.py", line 202, in encode
    chunks = self.iterencode(o, _one_shot=True)
  File "C:\Users\Administrador\AppData\Local\Python\pythoncore-3.14-64\Lib\json\encoder.py", line 263, in iterencode
    return _iterencode(o, 0)
  File "C:\Users\Administrador\AppData\Local\Python\pythoncore-3.14-64\Lib\json\encoder.py", line 182, in default
    raise TypeError(f'Object of type {o.__class__.__name__} '
                    f'is not JSON serializable')
TypeError: Object of type NaTType is not JSON serializable
when serializing dict item 'data'
when serializing list item 0
when serializing dict item 'records'
ERROR:    Exception in ASGI application
Traceback (most recent call last):
  File "C:\Projeto\Fazenda Morro Branco\Code\backend\venv\Lib\site-packages\uvicorn\protocols\http\h11_impl.py", line 415, in run_asgi
    result = await app(  # type: ignore[func-returns-value]
             ^^^^^^^^^^^^^^^^^^^^^^^^^^^^^^^^^^^^^^^^^^^^^^
        self.scope, self.receive, self.send
        ^^^^^^^^^^^^^^^^^^^^^^^^^^^^^^^^^^^
    )
    ^
  File "C:\Projeto\Fazenda Morro Branco\Code\backend\venv\Lib\site-packages\uvicorn\middleware\proxy_headers.py", line 56, in __call__
    return await self.app(scope, receive, send)
           ^^^^^^^^^^^^^^^^^^^^^^^^^^^^^^^^^^^^
  File "C:\Projeto\Fazenda Morro Branco\Code\backend\venv\Lib\site-packages\fastapi\applications.py", line 1159, in __call__
    await super().__call__(scope, receive, send)
  File "C:\Projeto\Fazenda Morro Branco\Code\backend\venv\Lib\site-packages\starlette\applications.py", line 90, in __call__
    await self.middleware_stack(scope, receive, send)
  File "C:\Projeto\Fazenda Morro Branco\Code\backend\venv\Lib\site-packages\starlette\middleware\errors.py", line 186, in __call__
    raise exc
  File "C:\Projeto\Fazenda Morro Branco\Code\backend\venv\Lib\site-packages\starlette\middleware\errors.py", line 164, in __call__
    await self.app(scope, receive, _send)
  File "C:\Projeto\Fazenda Morro Branco\Code\backend\venv\Lib\site-packages\starlette\middleware\cors.py", line 96, in __call__
    await self.simple_response(scope, receive, send, request_headers=headers)
  File "C:\Projeto\Fazenda Morro Branco\Code\backend\venv\Lib\site-packages\starlette\middleware\cors.py", line 154, in simple_response
    await self.app(scope, receive, send)
  File "C:\Projeto\Fazenda Morro Branco\Code\backend\venv\Lib\site-packages\starlette\middleware\exceptions.py", line 63, in __call__
    await wrap_app_handling_exceptions(self.app, conn)(scope, receive, send)
  File "C:\Projeto\Fazenda Morro Branco\Code\backend\venv\Lib\site-packages\starlette\_exception_handler.py", line 53, in wrapped_app
    raise exc
  File "C:\Projeto\Fazenda Morro Branco\Code\backend\venv\Lib\site-packages\starlette\_exception_handler.py", line 42, in wrapped_app
    await app(scope, receive, sender)
  File "C:\Projeto\Fazenda Morro Branco\Code\backend\venv\Lib\site-packages\fastapi\middleware\asyncexitstack.py", line 18, in __call__
    await self.app(scope, receive, send)
  File "C:\Projeto\Fazenda Morro Branco\Code\backend\venv\Lib\site-packages\starlette\routing.py", line 660, in __call__
    await self.middleware_stack(scope, receive, send)
  File "C:\Projeto\Fazenda Morro Branco\Code\backend\venv\Lib\site-packages\starlette\routing.py", line 680, in app
    await route.handle(scope, receive, send)
  File "C:\Projeto\Fazenda Morro Branco\Code\backend\venv\Lib\site-packages\starlette\routing.py", line 276, in handle
    await self.app(scope, receive, send)
  File "C:\Projeto\Fazenda Morro Branco\Code\backend\venv\Lib\site-packages\fastapi\routing.py", line 134, in app
    await wrap_app_handling_exceptions(app, request)(scope, receive, send)
  File "C:\Projeto\Fazenda Morro Branco\Code\backend\venv\Lib\site-packages\starlette\_exception_handler.py", line 53, in wrapped_app
    raise exc
  File "C:\Projeto\Fazenda Morro Branco\Code\backend\venv\Lib\site-packages\starlette\_exception_handler.py", line 42, in wrapped_app
    await app(scope, receive, sender)
  File "C:\Projeto\Fazenda Morro Branco\Code\backend\venv\Lib\site-packages\fastapi\routing.py", line 120, in app
    response = await f(request)
               ^^^^^^^^^^^^^^^^
  File "C:\Projeto\Fazenda Morro Branco\Code\backend\venv\Lib\site-packages\fastapi\routing.py", line 674, in app
    raw_response = await run_endpoint_function(
                   ^^^^^^^^^^^^^^^^^^^^^^^^^^^^
    ...<3 lines>...
    )
    ^
  File "C:\Projeto\Fazenda Morro Branco\Code\backend\venv\Lib\site-packages\fastapi\routing.py", line 330, in run_endpoint_function
    return await run_in_threadpool(dependant.call, **values)
           ^^^^^^^^^^^^^^^^^^^^^^^^^^^^^^^^^^^^^^^^^^^^^^^^^
  File "C:\Projeto\Fazenda Morro Branco\Code\backend\venv\Lib\site-packages\starlette\concurrency.py", line 32, in run_in_threadpool
    return await anyio.to_thread.run_sync(func)
           ^^^^^^^^^^^^^^^^^^^^^^^^^^^^^^^^^^^^
  File "C:\Projeto\Fazenda Morro Branco\Code\backend\venv\Lib\site-packages\anyio\to_thread.py", line 63, in run_sync
    return await get_async_backend().run_sync_in_worker_thread(
           ^^^^^^^^^^^^^^^^^^^^^^^^^^^^^^^^^^^^^^^^^^^^^^^^^^^^
        func, args, abandon_on_cancel=abandon_on_cancel, limiter=limiter
        ^^^^^^^^^^^^^^^^^^^^^^^^^^^^^^^^^^^^^^^^^^^^^^^^^^^^^^^^^^^^^^^^
    )
    ^
  File "C:\Projeto\Fazenda Morro Branco\Code\backend\venv\Lib\site-packages\anyio\_backends\_asyncio.py", line 2518, in run_sync_in_worker_thread
    return await future
           ^^^^^^^^^^^^
  File "C:\Projeto\Fazenda Morro Branco\Code\backend\venv\Lib\site-packages\anyio\_backends\_asyncio.py", line 1002, in run
    result = context.run(func, *args)
  File "C:\Projeto\Fazenda Morro Branco\Code\backend\main.py", line 619, in get_data
    return JSONResponse(content=_sanitize({
        "records":          records,
    ...<5 lines>...
        "editable_columns": editable,
    }))
  File "C:\Projeto\Fazenda Morro Branco\Code\backend\venv\Lib\site-packages\starlette\responses.py", line 192, in __init__
    super().__init__(content, status_code, headers, media_type, background)
    ~~~~~~~~~~~~~~~~^^^^^^^^^^^^^^^^^^^^^^^^^^^^^^^^^^^^^^^^^^^^^^^^^^^^^^^
  File "C:\Projeto\Fazenda Morro Branco\Code\backend\venv\Lib\site-packages\starlette\responses.py", line 45, in __init__
    self.body = self.render(content)
                ~~~~~~~~~~~^^^^^^^^^
  File "C:\Projeto\Fazenda Morro Branco\Code\backend\venv\Lib\site-packages\starlette\responses.py", line 195, in render
    return json.dumps(
           ~~~~~~~~~~^
        content,
        ^^^^^^^^
    ...<3 lines>...
        separators=(",", ":"),
        ^^^^^^^^^^^^^^^^^^^^^^
    ).encode("utf-8")
    ^
  File "C:\Users\Administrador\AppData\Local\Python\pythoncore-3.14-64\Lib\json\__init__.py", line 242, in dumps
    **kw).encode(obj)
          ~~~~~~^^^^^
  File "C:\Users\Administrador\AppData\Local\Python\pythoncore-3.14-64\Lib\json\encoder.py", line 202, in encode
    chunks = self.iterencode(o, _one_shot=True)
  File "C:\Users\Administrador\AppData\Local\Python\pythoncore-3.14-64\Lib\json\encoder.py", line 263, in iterencode
    return _iterencode(o, 0)
  File "C:\Users\Administrador\AppData\Local\Python\pythoncore-3.14-64\Lib\json\encoder.py", line 182, in default
    raise TypeError(f'Object of type {o.__class__.__name__} '
                    f'is not JSON serializable')
TypeError: Object of type NaTType is not JSON serializable
when serializing dict item 'data'
when serializing list item 0
when serializing dict item 'records'
ERROR:    Exception in ASGI application
Traceback (most recent call last):
  File "C:\Projeto\Fazenda Morro Branco\Code\backend\venv\Lib\site-packages\uvicorn\protocols\http\h11_impl.py", line 415, in run_asgi
    result = await app(  # type: ignore[func-returns-value]
             ^^^^^^^^^^^^^^^^^^^^^^^^^^^^^^^^^^^^^^^^^^^^^^
        self.scope, self.receive, self.send
        ^^^^^^^^^^^^^^^^^^^^^^^^^^^^^^^^^^^
    )
    ^
  File "C:\Projeto\Fazenda Morro Branco\Code\backend\venv\Lib\site-packages\uvicorn\middleware\proxy_headers.py", line 56, in __call__
    return await self.app(scope, receive, send)
           ^^^^^^^^^^^^^^^^^^^^^^^^^^^^^^^^^^^^
  File "C:\Projeto\Fazenda Morro Branco\Code\backend\venv\Lib\site-packages\fastapi\applications.py", line 1159, in __call__
    await super().__call__(scope, receive, send)
  File "C:\Projeto\Fazenda Morro Branco\Code\backend\venv\Lib\site-packages\starlette\applications.py", line 90, in __call__
    await self.middleware_stack(scope, receive, send)
  File "C:\Projeto\Fazenda Morro Branco\Code\backend\venv\Lib\site-packages\starlette\middleware\errors.py", line 186, in __call__
    raise exc
  File "C:\Projeto\Fazenda Morro Branco\Code\backend\venv\Lib\site-packages\starlette\middleware\errors.py", line 164, in __call__
    await self.app(scope, receive, _send)
  File "C:\Projeto\Fazenda Morro Branco\Code\backend\venv\Lib\site-packages\starlette\middleware\cors.py", line 96, in __call__
    await self.simple_response(scope, receive, send, request_headers=headers)
  File "C:\Projeto\Fazenda Morro Branco\Code\backend\venv\Lib\site-packages\starlette\middleware\cors.py", line 154, in simple_response
    await self.app(scope, receive, send)
  File "C:\Projeto\Fazenda Morro Branco\Code\backend\venv\Lib\site-packages\starlette\middleware\exceptions.py", line 63, in __call__
    await wrap_app_handling_exceptions(self.app, conn)(scope, receive, send)
  File "C:\Projeto\Fazenda Morro Branco\Code\backend\venv\Lib\site-packages\starlette\_exception_handler.py", line 53, in wrapped_app
    raise exc
  File "C:\Projeto\Fazenda Morro Branco\Code\backend\venv\Lib\site-packages\starlette\_exception_handler.py", line 42, in wrapped_app
    await app(scope, receive, sender)
  File "C:\Projeto\Fazenda Morro Branco\Code\backend\venv\Lib\site-packages\fastapi\middleware\asyncexitstack.py", line 18, in __call__
    await self.app(scope, receive, send)
  File "C:\Projeto\Fazenda Morro Branco\Code\backend\venv\Lib\site-packages\starlette\routing.py", line 660, in __call__
    await self.middleware_stack(scope, receive, send)
  File "C:\Projeto\Fazenda Morro Branco\Code\backend\venv\Lib\site-packages\starlette\routing.py", line 680, in app
    await route.handle(scope, receive, send)
  File "C:\Projeto\Fazenda Morro Branco\Code\backend\venv\Lib\site-packages\starlette\routing.py", line 276, in handle
    await self.app(scope, receive, send)
  File "C:\Projeto\Fazenda Morro Branco\Code\backend\venv\Lib\site-packages\fastapi\routing.py", line 134, in app
    await wrap_app_handling_exceptions(app, request)(scope, receive, send)
  File "C:\Projeto\Fazenda Morro Branco\Code\backend\venv\Lib\site-packages\starlette\_exception_handler.py", line 53, in wrapped_app
    raise exc
  File "C:\Projeto\Fazenda Morro Branco\Code\backend\venv\Lib\site-packages\starlette\_exception_handler.py", line 42, in wrapped_app
    await app(scope, receive, sender)
  File "C:\Projeto\Fazenda Morro Branco\Code\backend\venv\Lib\site-packages\fastapi\routing.py", line 120, in app
    response = await f(request)
               ^^^^^^^^^^^^^^^^
  File "C:\Projeto\Fazenda Morro Branco\Code\backend\venv\Lib\site-packages\fastapi\routing.py", line 674, in app
    raw_response = await run_endpoint_function(
                   ^^^^^^^^^^^^^^^^^^^^^^^^^^^^
    ...<3 lines>...
    )
    ^
  File "C:\Projeto\Fazenda Morro Branco\Code\backend\venv\Lib\site-packages\fastapi\routing.py", line 330, in run_endpoint_function
    return await run_in_threadpool(dependant.call, **values)
           ^^^^^^^^^^^^^^^^^^^^^^^^^^^^^^^^^^^^^^^^^^^^^^^^^
  File "C:\Projeto\Fazenda Morro Branco\Code\backend\venv\Lib\site-packages\starlette\concurrency.py", line 32, in run_in_threadpool
    return await anyio.to_thread.run_sync(func)
           ^^^^^^^^^^^^^^^^^^^^^^^^^^^^^^^^^^^^
  File "C:\Projeto\Fazenda Morro Branco\Code\backend\venv\Lib\site-packages\anyio\to_thread.py", line 63, in run_sync
    return await get_async_backend().run_sync_in_worker_thread(
           ^^^^^^^^^^^^^^^^^^^^^^^^^^^^^^^^^^^^^^^^^^^^^^^^^^^^
        func, args, abandon_on_cancel=abandon_on_cancel, limiter=limiter
        ^^^^^^^^^^^^^^^^^^^^^^^^^^^^^^^^^^^^^^^^^^^^^^^^^^^^^^^^^^^^^^^^
    )
    ^
  File "C:\Projeto\Fazenda Morro Branco\Code\backend\venv\Lib\site-packages\anyio\_backends\_asyncio.py", line 2518, in run_sync_in_worker_thread
    return await future
           ^^^^^^^^^^^^
  File "C:\Projeto\Fazenda Morro Branco\Code\backend\venv\Lib\site-packages\anyio\_backends\_asyncio.py", line 1002, in run
    result = context.run(func, *args)
  File "C:\Projeto\Fazenda Morro Branco\Code\backend\main.py", line 619, in get_data
    return JSONResponse(content=_sanitize({
        "records":          records,
    ...<5 lines>...
        "editable_columns": editable,
    }))
  File "C:\Projeto\Fazenda Morro Branco\Code\backend\venv\Lib\site-packages\starlette\responses.py", line 192, in __init__
    super().__init__(content, status_code, headers, media_type, background)
    ~~~~~~~~~~~~~~~~^^^^^^^^^^^^^^^^^^^^^^^^^^^^^^^^^^^^^^^^^^^^^^^^^^^^^^^
  File "C:\Projeto\Fazenda Morro Branco\Code\backend\venv\Lib\site-packages\starlette\responses.py", line 45, in __init__
    self.body = self.render(content)
                ~~~~~~~~~~~^^^^^^^^^
  File "C:\Projeto\Fazenda Morro Branco\Code\backend\venv\Lib\site-packages\starlette\responses.py", line 195, in render
    return json.dumps(
           ~~~~~~~~~~^
        content,
        ^^^^^^^^
    ...<3 lines>...
        separators=(",", ":"),
        ^^^^^^^^^^^^^^^^^^^^^^
    ).encode("utf-8")
    ^
  File "C:\Users\Administrador\AppData\Local\Python\pythoncore-3.14-64\Lib\json\__init__.py", line 242, in dumps
    **kw).encode(obj)
          ~~~~~~^^^^^
  File "C:\Users\Administrador\AppData\Local\Python\pythoncore-3.14-64\Lib\json\encoder.py", line 202, in encode
    chunks = self.iterencode(o, _one_shot=True)
  File "C:\Users\Administrador\AppData\Local\Python\pythoncore-3.14-64\Lib\json\encoder.py", line 263, in iterencode
    return _iterencode(o, 0)
  File "C:\Users\Administrador\AppData\Local\Python\pythoncore-3.14-64\Lib\json\encoder.py", line 182, in default
    raise TypeError(f'Object of type {o.__class__.__name__} '
                    f'is not JSON serializable')
TypeError: Object of type NaTType is not JSON serializable
when serializing dict item 'data'
when serializing list item 0
when serializing dict item 'records'
C:\Projeto\Fazenda Morro Branco\Code\backend\services\data_cleaner.py:86: UserWarning: Could not infer format, so each element will be parsed individually, falling back to `dateutil`. To ensure parsing is consistent and as-expected, please specify a format.
  df["data_pesagem"] = pd.to_datetime(col, errors="coerce", dayfirst=True)
ERROR:    Exception in ASGI application
Traceback (most recent call last):
  File "C:\Projeto\Fazenda Morro Branco\Code\backend\venv\Lib\site-packages\uvicorn\protocols\http\h11_impl.py", line 415, in run_asgi
    result = await app(  # type: ignore[func-returns-value]
             ^^^^^^^^^^^^^^^^^^^^^^^^^^^^^^^^^^^^^^^^^^^^^^
        self.scope, self.receive, self.send
        ^^^^^^^^^^^^^^^^^^^^^^^^^^^^^^^^^^^
    )
    ^
  File "C:\Projeto\Fazenda Morro Branco\Code\backend\venv\Lib\site-packages\uvicorn\middleware\proxy_headers.py", line 56, in __call__
    return await self.app(scope, receive, send)
           ^^^^^^^^^^^^^^^^^^^^^^^^^^^^^^^^^^^^
  File "C:\Projeto\Fazenda Morro Branco\Code\backend\venv\Lib\site-packages\fastapi\applications.py", line 1159, in __call__
    await super().__call__(scope, receive, send)
  File "C:\Projeto\Fazenda Morro Branco\Code\backend\venv\Lib\site-packages\starlette\applications.py", line 90, in __call__
    await self.middleware_stack(scope, receive, send)
  File "C:\Projeto\Fazenda Morro Branco\Code\backend\venv\Lib\site-packages\starlette\middleware\errors.py", line 186, in __call__
    raise exc
  File "C:\Projeto\Fazenda Morro Branco\Code\backend\venv\Lib\site-packages\starlette\middleware\errors.py", line 164, in __call__
    await self.app(scope, receive, _send)
  File "C:\Projeto\Fazenda Morro Branco\Code\backend\venv\Lib\site-packages\starlette\middleware\cors.py", line 96, in __call__
    await self.simple_response(scope, receive, send, request_headers=headers)
  File "C:\Projeto\Fazenda Morro Branco\Code\backend\venv\Lib\site-packages\starlette\middleware\cors.py", line 154, in simple_response
    await self.app(scope, receive, send)
  File "C:\Projeto\Fazenda Morro Branco\Code\backend\venv\Lib\site-packages\starlette\middleware\exceptions.py", line 63, in __call__
    await wrap_app_handling_exceptions(self.app, conn)(scope, receive, send)
  File "C:\Projeto\Fazenda Morro Branco\Code\backend\venv\Lib\site-packages\starlette\_exception_handler.py", line 53, in wrapped_app
    raise exc
  File "C:\Projeto\Fazenda Morro Branco\Code\backend\venv\Lib\site-packages\starlette\_exception_handler.py", line 42, in wrapped_app
    await app(scope, receive, sender)
  File "C:\Projeto\Fazenda Morro Branco\Code\backend\venv\Lib\site-packages\fastapi\middleware\asyncexitstack.py", line 18, in __call__
    await self.app(scope, receive, send)
  File "C:\Projeto\Fazenda Morro Branco\Code\backend\venv\Lib\site-packages\starlette\routing.py", line 660, in __call__
    await self.middleware_stack(scope, receive, send)
  File "C:\Projeto\Fazenda Morro Branco\Code\backend\venv\Lib\site-packages\starlette\routing.py", line 680, in app
    await route.handle(scope, receive, send)
  File "C:\Projeto\Fazenda Morro Branco\Code\backend\venv\Lib\site-packages\starlette\routing.py", line 276, in handle
    await self.app(scope, receive, send)
  File "C:\Projeto\Fazenda Morro Branco\Code\backend\venv\Lib\site-packages\fastapi\routing.py", line 134, in app
    await wrap_app_handling_exceptions(app, request)(scope, receive, send)
  File "C:\Projeto\Fazenda Morro Branco\Code\backend\venv\Lib\site-packages\starlette\_exception_handler.py", line 53, in wrapped_app
    raise exc
  File "C:\Projeto\Fazenda Morro Branco\Code\backend\venv\Lib\site-packages\starlette\_exception_handler.py", line 42, in wrapped_app
    await app(scope, receive, sender)
  File "C:\Projeto\Fazenda Morro Branco\Code\backend\venv\Lib\site-packages\fastapi\routing.py", line 120, in app
    response = await f(request)
               ^^^^^^^^^^^^^^^^
  File "C:\Projeto\Fazenda Morro Branco\Code\backend\venv\Lib\site-packages\fastapi\routing.py", line 674, in app
    raw_response = await run_endpoint_function(
                   ^^^^^^^^^^^^^^^^^^^^^^^^^^^^
    ...<3 lines>...
    )
    ^
  File "C:\Projeto\Fazenda Morro Branco\Code\backend\venv\Lib\site-packages\fastapi\routing.py", line 330, in run_endpoint_function
    return await run_in_threadpool(dependant.call, **values)
           ^^^^^^^^^^^^^^^^^^^^^^^^^^^^^^^^^^^^^^^^^^^^^^^^^
  File "C:\Projeto\Fazenda Morro Branco\Code\backend\venv\Lib\site-packages\starlette\concurrency.py", line 32, in run_in_threadpool
    return await anyio.to_thread.run_sync(func)
           ^^^^^^^^^^^^^^^^^^^^^^^^^^^^^^^^^^^^
  File "C:\Projeto\Fazenda Morro Branco\Code\backend\venv\Lib\site-packages\anyio\to_thread.py", line 63, in run_sync
    return await get_async_backend().run_sync_in_worker_thread(
           ^^^^^^^^^^^^^^^^^^^^^^^^^^^^^^^^^^^^^^^^^^^^^^^^^^^^
        func, args, abandon_on_cancel=abandon_on_cancel, limiter=limiter
        ^^^^^^^^^^^^^^^^^^^^^^^^^^^^^^^^^^^^^^^^^^^^^^^^^^^^^^^^^^^^^^^^
    )
    ^
  File "C:\Projeto\Fazenda Morro Branco\Code\backend\venv\Lib\site-packages\anyio\_backends\_asyncio.py", line 2518, in run_sync_in_worker_thread
    return await future
           ^^^^^^^^^^^^
  File "C:\Projeto\Fazenda Morro Branco\Code\backend\venv\Lib\site-packages\anyio\_backends\_asyncio.py", line 1002, in run
    result = context.run(func, *args)
  File "C:\Projeto\Fazenda Morro Branco\Code\backend\main.py", line 619, in get_data
    return JSONResponse(content=_sanitize({
        "records":          records,
    ...<5 lines>...
        "editable_columns": editable,
    }))
  File "C:\Projeto\Fazenda Morro Branco\Code\backend\venv\Lib\site-packages\starlette\responses.py", line 192, in __init__
    super().__init__(content, status_code, headers, media_type, background)
    ~~~~~~~~~~~~~~~~^^^^^^^^^^^^^^^^^^^^^^^^^^^^^^^^^^^^^^^^^^^^^^^^^^^^^^^
  File "C:\Projeto\Fazenda Morro Branco\Code\backend\venv\Lib\site-packages\starlette\responses.py", line 45, in __init__
    self.body = self.render(content)
                ~~~~~~~~~~~^^^^^^^^^
  File "C:\Projeto\Fazenda Morro Branco\Code\backend\venv\Lib\site-packages\starlette\responses.py", line 195, in render
    return json.dumps(
           ~~~~~~~~~~^
        content,
        ^^^^^^^^
    ...<3 lines>...
        separators=(",", ":"),
        ^^^^^^^^^^^^^^^^^^^^^^
    ).encode("utf-8")
    ^
  File "C:\Users\Administrador\AppData\Local\Python\pythoncore-3.14-64\Lib\json\__init__.py", line 242, in dumps
    **kw).encode(obj)
          ~~~~~~^^^^^
  File "C:\Users\Administrador\AppData\Local\Python\pythoncore-3.14-64\Lib\json\encoder.py", line 202, in encode
    chunks = self.iterencode(o, _one_shot=True)
  File "C:\Users\Administrador\AppData\Local\Python\pythoncore-3.14-64\Lib\json\encoder.py", line 263, in iterencode
    return _iterencode(o, 0)
  File "C:\Users\Administrador\AppData\Local\Python\pythoncore-3.14-64\Lib\json\encoder.py", line 182, in default
    raise TypeError(f'Object of type {o.__class__.__name__} '
                    f'is not JSON serializable')
TypeError: Object of type NaTType is not JSON serializable
when serializing dict item 'data'
when serializing list item 0
when serializing dict item 'records'
ERROR:    Exception in ASGI application
Traceback (most recent call last):
  File "C:\Projeto\Fazenda Morro Branco\Code\backend\venv\Lib\site-packages\uvicorn\protocols\http\h11_impl.py", line 415, in run_asgi
    result = await app(  # type: ignore[func-returns-value]
             ^^^^^^^^^^^^^^^^^^^^^^^^^^^^^^^^^^^^^^^^^^^^^^
        self.scope, self.receive, self.send
        ^^^^^^^^^^^^^^^^^^^^^^^^^^^^^^^^^^^
    )
    ^
  File "C:\Projeto\Fazenda Morro Branco\Code\backend\venv\Lib\site-packages\uvicorn\middleware\proxy_headers.py", line 56, in __call__
    return await self.app(scope, receive, send)
           ^^^^^^^^^^^^^^^^^^^^^^^^^^^^^^^^^^^^
  File "C:\Projeto\Fazenda Morro Branco\Code\backend\venv\Lib\site-packages\fastapi\applications.py", line 1159, in __call__
    await super().__call__(scope, receive, send)
  File "C:\Projeto\Fazenda Morro Branco\Code\backend\venv\Lib\site-packages\starlette\applications.py", line 90, in __call__
    await self.middleware_stack(scope, receive, send)
  File "C:\Projeto\Fazenda Morro Branco\Code\backend\venv\Lib\site-packages\starlette\middleware\errors.py", line 186, in __call__
    raise exc
  File "C:\Projeto\Fazenda Morro Branco\Code\backend\venv\Lib\site-packages\starlette\middleware\errors.py", line 164, in __call__
    await self.app(scope, receive, _send)
  File "C:\Projeto\Fazenda Morro Branco\Code\backend\venv\Lib\site-packages\starlette\middleware\cors.py", line 96, in __call__
    await self.simple_response(scope, receive, send, request_headers=headers)
  File "C:\Projeto\Fazenda Morro Branco\Code\backend\venv\Lib\site-packages\starlette\middleware\cors.py", line 154, in simple_response
    await self.app(scope, receive, send)
  File "C:\Projeto\Fazenda Morro Branco\Code\backend\venv\Lib\site-packages\starlette\middleware\exceptions.py", line 63, in __call__
    await wrap_app_handling_exceptions(self.app, conn)(scope, receive, send)
  File "C:\Projeto\Fazenda Morro Branco\Code\backend\venv\Lib\site-packages\starlette\_exception_handler.py", line 53, in wrapped_app
    raise exc
  File "C:\Projeto\Fazenda Morro Branco\Code\backend\venv\Lib\site-packages\starlette\_exception_handler.py", line 42, in wrapped_app
    await app(scope, receive, sender)
  File "C:\Projeto\Fazenda Morro Branco\Code\backend\venv\Lib\site-packages\fastapi\middleware\asyncexitstack.py", line 18, in __call__
    await self.app(scope, receive, send)
  File "C:\Projeto\Fazenda Morro Branco\Code\backend\venv\Lib\site-packages\starlette\routing.py", line 660, in __call__
    await self.middleware_stack(scope, receive, send)
  File "C:\Projeto\Fazenda Morro Branco\Code\backend\venv\Lib\site-packages\starlette\routing.py", line 680, in app
    await route.handle(scope, receive, send)
  File "C:\Projeto\Fazenda Morro Branco\Code\backend\venv\Lib\site-packages\starlette\routing.py", line 276, in handle
    await self.app(scope, receive, send)
  File "C:\Projeto\Fazenda Morro Branco\Code\backend\venv\Lib\site-packages\fastapi\routing.py", line 134, in app
    await wrap_app_handling_exceptions(app, request)(scope, receive, send)
  File "C:\Projeto\Fazenda Morro Branco\Code\backend\venv\Lib\site-packages\starlette\_exception_handler.py", line 53, in wrapped_app
    raise exc
  File "C:\Projeto\Fazenda Morro Branco\Code\backend\venv\Lib\site-packages\starlette\_exception_handler.py", line 42, in wrapped_app
    await app(scope, receive, sender)
  File "C:\Projeto\Fazenda Morro Branco\Code\backend\venv\Lib\site-packages\fastapi\routing.py", line 120, in app
    response = await f(request)
               ^^^^^^^^^^^^^^^^
  File "C:\Projeto\Fazenda Morro Branco\Code\backend\venv\Lib\site-packages\fastapi\routing.py", line 674, in app
    raw_response = await run_endpoint_function(
                   ^^^^^^^^^^^^^^^^^^^^^^^^^^^^
    ...<3 lines>...
    )
    ^
  File "C:\Projeto\Fazenda Morro Branco\Code\backend\venv\Lib\site-packages\fastapi\routing.py", line 330, in run_endpoint_function
    return await run_in_threadpool(dependant.call, **values)
           ^^^^^^^^^^^^^^^^^^^^^^^^^^^^^^^^^^^^^^^^^^^^^^^^^
  File "C:\Projeto\Fazenda Morro Branco\Code\backend\venv\Lib\site-packages\starlette\concurrency.py", line 32, in run_in_threadpool
    return await anyio.to_thread.run_sync(func)
           ^^^^^^^^^^^^^^^^^^^^^^^^^^^^^^^^^^^^
  File "C:\Projeto\Fazenda Morro Branco\Code\backend\venv\Lib\site-packages\anyio\to_thread.py", line 63, in run_sync
    return await get_async_backend().run_sync_in_worker_thread(
           ^^^^^^^^^^^^^^^^^^^^^^^^^^^^^^^^^^^^^^^^^^^^^^^^^^^^
        func, args, abandon_on_cancel=abandon_on_cancel, limiter=limiter
        ^^^^^^^^^^^^^^^^^^^^^^^^^^^^^^^^^^^^^^^^^^^^^^^^^^^^^^^^^^^^^^^^
    )
    ^
  File "C:\Projeto\Fazenda Morro Branco\Code\backend\venv\Lib\site-packages\anyio\_backends\_asyncio.py", line 2518, in run_sync_in_worker_thread
    return await future
           ^^^^^^^^^^^^
  File "C:\Projeto\Fazenda Morro Branco\Code\backend\venv\Lib\site-packages\anyio\_backends\_asyncio.py", line 1002, in run
    result = context.run(func, *args)
  File "C:\Projeto\Fazenda Morro Branco\Code\backend\main.py", line 619, in get_data
    return JSONResponse(content=_sanitize({
        "records":          records,
    ...<5 lines>...
        "editable_columns": editable,
    }))
  File "C:\Projeto\Fazenda Morro Branco\Code\backend\venv\Lib\site-packages\starlette\responses.py", line 192, in __init__
    super().__init__(content, status_code, headers, media_type, background)
    ~~~~~~~~~~~~~~~~^^^^^^^^^^^^^^^^^^^^^^^^^^^^^^^^^^^^^^^^^^^^^^^^^^^^^^^
  File "C:\Projeto\Fazenda Morro Branco\Code\backend\venv\Lib\site-packages\starlette\responses.py", line 45, in __init__
    self.body = self.render(content)
                ~~~~~~~~~~~^^^^^^^^^
  File "C:\Projeto\Fazenda Morro Branco\Code\backend\venv\Lib\site-packages\starlette\responses.py", line 195, in render
    return json.dumps(
           ~~~~~~~~~~^
        content,
        ^^^^^^^^
    ...<3 lines>...
        separators=(",", ":"),
        ^^^^^^^^^^^^^^^^^^^^^^
    ).encode("utf-8")
    ^
  File "C:\Users\Administrador\AppData\Local\Python\pythoncore-3.14-64\Lib\json\__init__.py", line 242, in dumps
    **kw).encode(obj)
          ~~~~~~^^^^^
  File "C:\Users\Administrador\AppData\Local\Python\pythoncore-3.14-64\Lib\json\encoder.py", line 202, in encode
    chunks = self.iterencode(o, _one_shot=True)
  File "C:\Users\Administrador\AppData\Local\Python\pythoncore-3.14-64\Lib\json\encoder.py", line 263, in iterencode
    return _iterencode(o, 0)
  File "C:\Users\Administrador\AppData\Local\Python\pythoncore-3.14-64\Lib\json\encoder.py", line 182, in default
    raise TypeError(f'Object of type {o.__class__.__name__} '
                    f'is not JSON serializable')
TypeError: Object of type NaTType is not JSON serializable
when serializing dict item 'data'
when serializing list item 0
when serializing dict item 'records'
ERROR:    Exception in ASGI application
Traceback (most recent call last):
  File "C:\Projeto\Fazenda Morro Branco\Code\backend\venv\Lib\site-packages\uvicorn\protocols\http\h11_impl.py", line 415, in run_asgi
    result = await app(  # type: ignore[func-returns-value]
             ^^^^^^^^^^^^^^^^^^^^^^^^^^^^^^^^^^^^^^^^^^^^^^
        self.scope, self.receive, self.send
        ^^^^^^^^^^^^^^^^^^^^^^^^^^^^^^^^^^^
    )
    ^
  File "C:\Projeto\Fazenda Morro Branco\Code\backend\venv\Lib\site-packages\uvicorn\middleware\proxy_headers.py", line 56, in __call__
    return await self.app(scope, receive, send)
           ^^^^^^^^^^^^^^^^^^^^^^^^^^^^^^^^^^^^
  File "C:\Projeto\Fazenda Morro Branco\Code\backend\venv\Lib\site-packages\fastapi\applications.py", line 1159, in __call__
    await super().__call__(scope, receive, send)
  File "C:\Projeto\Fazenda Morro Branco\Code\backend\venv\Lib\site-packages\starlette\applications.py", line 90, in __call__
    await self.middleware_stack(scope, receive, send)
  File "C:\Projeto\Fazenda Morro Branco\Code\backend\venv\Lib\site-packages\starlette\middleware\errors.py", line 186, in __call__
    raise exc
  File "C:\Projeto\Fazenda Morro Branco\Code\backend\venv\Lib\site-packages\starlette\middleware\errors.py", line 164, in __call__
    await self.app(scope, receive, _send)
  File "C:\Projeto\Fazenda Morro Branco\Code\backend\venv\Lib\site-packages\starlette\middleware\cors.py", line 96, in __call__
    await self.simple_response(scope, receive, send, request_headers=headers)
  File "C:\Projeto\Fazenda Morro Branco\Code\backend\venv\Lib\site-packages\starlette\middleware\cors.py", line 154, in simple_response
    await self.app(scope, receive, send)
  File "C:\Projeto\Fazenda Morro Branco\Code\backend\venv\Lib\site-packages\starlette\middleware\exceptions.py", line 63, in __call__
    await wrap_app_handling_exceptions(self.app, conn)(scope, receive, send)
  File "C:\Projeto\Fazenda Morro Branco\Code\backend\venv\Lib\site-packages\starlette\_exception_handler.py", line 53, in wrapped_app
    raise exc
  File "C:\Projeto\Fazenda Morro Branco\Code\backend\venv\Lib\site-packages\starlette\_exception_handler.py", line 42, in wrapped_app
    await app(scope, receive, sender)
  File "C:\Projeto\Fazenda Morro Branco\Code\backend\venv\Lib\site-packages\fastapi\middleware\asyncexitstack.py", line 18, in __call__
    await self.app(scope, receive, send)
  File "C:\Projeto\Fazenda Morro Branco\Code\backend\venv\Lib\site-packages\starlette\routing.py", line 660, in __call__
    await self.middleware_stack(scope, receive, send)
  File "C:\Projeto\Fazenda Morro Branco\Code\backend\venv\Lib\site-packages\starlette\routing.py", line 680, in app
    await route.handle(scope, receive, send)
  File "C:\Projeto\Fazenda Morro Branco\Code\backend\venv\Lib\site-packages\starlette\routing.py", line 276, in handle
    await self.app(scope, receive, send)
  File "C:\Projeto\Fazenda Morro Branco\Code\backend\venv\Lib\site-packages\fastapi\routing.py", line 134, in app
    await wrap_app_handling_exceptions(app, request)(scope, receive, send)
  File "C:\Projeto\Fazenda Morro Branco\Code\backend\venv\Lib\site-packages\starlette\_exception_handler.py", line 53, in wrapped_app
    raise exc
  File "C:\Projeto\Fazenda Morro Branco\Code\backend\venv\Lib\site-packages\starlette\_exception_handler.py", line 42, in wrapped_app
    await app(scope, receive, sender)
  File "C:\Projeto\Fazenda Morro Branco\Code\backend\venv\Lib\site-packages\fastapi\routing.py", line 120, in app
    response = await f(request)
               ^^^^^^^^^^^^^^^^
  File "C:\Projeto\Fazenda Morro Branco\Code\backend\venv\Lib\site-packages\fastapi\routing.py", line 674, in app
    raw_response = await run_endpoint_function(
                   ^^^^^^^^^^^^^^^^^^^^^^^^^^^^
    ...<3 lines>...
    )
    ^
  File "C:\Projeto\Fazenda Morro Branco\Code\backend\venv\Lib\site-packages\fastapi\routing.py", line 330, in run_endpoint_function
    return await run_in_threadpool(dependant.call, **values)
           ^^^^^^^^^^^^^^^^^^^^^^^^^^^^^^^^^^^^^^^^^^^^^^^^^
  File "C:\Projeto\Fazenda Morro Branco\Code\backend\venv\Lib\site-packages\starlette\concurrency.py", line 32, in run_in_threadpool
    return await anyio.to_thread.run_sync(func)
           ^^^^^^^^^^^^^^^^^^^^^^^^^^^^^^^^^^^^
  File "C:\Projeto\Fazenda Morro Branco\Code\backend\venv\Lib\site-packages\anyio\to_thread.py", line 63, in run_sync
    return await get_async_backend().run_sync_in_worker_thread(
           ^^^^^^^^^^^^^^^^^^^^^^^^^^^^^^^^^^^^^^^^^^^^^^^^^^^^
        func, args, abandon_on_cancel=abandon_on_cancel, limiter=limiter
        ^^^^^^^^^^^^^^^^^^^^^^^^^^^^^^^^^^^^^^^^^^^^^^^^^^^^^^^^^^^^^^^^
    )
    ^
  File "C:\Projeto\Fazenda Morro Branco\Code\backend\venv\Lib\site-packages\anyio\_backends\_asyncio.py", line 2518, in run_sync_in_worker_thread
    return await future
           ^^^^^^^^^^^^
  File "C:\Projeto\Fazenda Morro Branco\Code\backend\venv\Lib\site-packages\anyio\_backends\_asyncio.py", line 1002, in run
    result = context.run(func, *args)
  File "C:\Projeto\Fazenda Morro Branco\Code\backend\main.py", line 619, in get_data
    return JSONResponse(content=_sanitize({
        "records":          records,
    ...<5 lines>...
        "editable_columns": editable,
    }))
  File "C:\Projeto\Fazenda Morro Branco\Code\backend\venv\Lib\site-packages\starlette\responses.py", line 192, in __init__
    super().__init__(content, status_code, headers, media_type, background)
    ~~~~~~~~~~~~~~~~^^^^^^^^^^^^^^^^^^^^^^^^^^^^^^^^^^^^^^^^^^^^^^^^^^^^^^^
  File "C:\Projeto\Fazenda Morro Branco\Code\backend\venv\Lib\site-packages\starlette\responses.py", line 45, in __init__
    self.body = self.render(content)
                ~~~~~~~~~~~^^^^^^^^^
  File "C:\Projeto\Fazenda Morro Branco\Code\backend\venv\Lib\site-packages\starlette\responses.py", line 195, in render
    return json.dumps(
           ~~~~~~~~~~^
        content,
        ^^^^^^^^
    ...<3 lines>...
        separators=(",", ":"),
        ^^^^^^^^^^^^^^^^^^^^^^
    ).encode("utf-8")
    ^
  File "C:\Users\Administrador\AppData\Local\Python\pythoncore-3.14-64\Lib\json\__init__.py", line 242, in dumps
    **kw).encode(obj)
          ~~~~~~^^^^^
  File "C:\Users\Administrador\AppData\Local\Python\pythoncore-3.14-64\Lib\json\encoder.py", line 202, in encode
    chunks = self.iterencode(o, _one_shot=True)
  File "C:\Users\Administrador\AppData\Local\Python\pythoncore-3.14-64\Lib\json\encoder.py", line 263, in iterencode
    return _iterencode(o, 0)
  File "C:\Users\Administrador\AppData\Local\Python\pythoncore-3.14-64\Lib\json\encoder.py", line 182, in default
    raise TypeError(f'Object of type {o.__class__.__name__} '
                    f'is not JSON serializable')
TypeError: Object of type NaTType is not JSON serializable
when serializing dict item 'data'
when serializing list item 0
when serializing dict item 'records'
ERROR:    Exception in ASGI application
Traceback (most recent call last):
  File "C:\Projeto\Fazenda Morro Branco\Code\backend\venv\Lib\site-packages\uvicorn\protocols\http\h11_impl.py", line 415, in run_asgi
    result = await app(  # type: ignore[func-returns-value]
             ^^^^^^^^^^^^^^^^^^^^^^^^^^^^^^^^^^^^^^^^^^^^^^
        self.scope, self.receive, self.send
        ^^^^^^^^^^^^^^^^^^^^^^^^^^^^^^^^^^^
    )
    ^
  File "C:\Projeto\Fazenda Morro Branco\Code\backend\venv\Lib\site-packages\uvicorn\middleware\proxy_headers.py", line 56, in __call__
    return await self.app(scope, receive, send)
           ^^^^^^^^^^^^^^^^^^^^^^^^^^^^^^^^^^^^
  File "C:\Projeto\Fazenda Morro Branco\Code\backend\venv\Lib\site-packages\fastapi\applications.py", line 1159, in __call__
    await super().__call__(scope, receive, send)
  File "C:\Projeto\Fazenda Morro Branco\Code\backend\venv\Lib\site-packages\starlette\applications.py", line 90, in __call__
    await self.middleware_stack(scope, receive, send)
  File "C:\Projeto\Fazenda Morro Branco\Code\backend\venv\Lib\site-packages\starlette\middleware\errors.py", line 186, in __call__
    raise exc
  File "C:\Projeto\Fazenda Morro Branco\Code\backend\venv\Lib\site-packages\starlette\middleware\errors.py", line 164, in __call__
    await self.app(scope, receive, _send)
  File "C:\Projeto\Fazenda Morro Branco\Code\backend\venv\Lib\site-packages\starlette\middleware\cors.py", line 96, in __call__
    await self.simple_response(scope, receive, send, request_headers=headers)
  File "C:\Projeto\Fazenda Morro Branco\Code\backend\venv\Lib\site-packages\starlette\middleware\cors.py", line 154, in simple_response
    await self.app(scope, receive, send)
  File "C:\Projeto\Fazenda Morro Branco\Code\backend\venv\Lib\site-packages\starlette\middleware\exceptions.py", line 63, in __call__
    await wrap_app_handling_exceptions(self.app, conn)(scope, receive, send)
  File "C:\Projeto\Fazenda Morro Branco\Code\backend\venv\Lib\site-packages\starlette\_exception_handler.py", line 53, in wrapped_app
    raise exc
  File "C:\Projeto\Fazenda Morro Branco\Code\backend\venv\Lib\site-packages\starlette\_exception_handler.py", line 42, in wrapped_app
    await app(scope, receive, sender)
  File "C:\Projeto\Fazenda Morro Branco\Code\backend\venv\Lib\site-packages\fastapi\middleware\asyncexitstack.py", line 18, in __call__
    await self.app(scope, receive, send)
  File "C:\Projeto\Fazenda Morro Branco\Code\backend\venv\Lib\site-packages\starlette\routing.py", line 660, in __call__
    await self.middleware_stack(scope, receive, send)
  File "C:\Projeto\Fazenda Morro Branco\Code\backend\venv\Lib\site-packages\starlette\routing.py", line 680, in app
    await route.handle(scope, receive, send)
  File "C:\Projeto\Fazenda Morro Branco\Code\backend\venv\Lib\site-packages\starlette\routing.py", line 276, in handle
    await self.app(scope, receive, send)
  File "C:\Projeto\Fazenda Morro Branco\Code\backend\venv\Lib\site-packages\fastapi\routing.py", line 134, in app
    await wrap_app_handling_exceptions(app, request)(scope, receive, send)
  File "C:\Projeto\Fazenda Morro Branco\Code\backend\venv\Lib\site-packages\starlette\_exception_handler.py", line 53, in wrapped_app
    raise exc
  File "C:\Projeto\Fazenda Morro Branco\Code\backend\venv\Lib\site-packages\starlette\_exception_handler.py", line 42, in wrapped_app
    await app(scope, receive, sender)
  File "C:\Projeto\Fazenda Morro Branco\Code\backend\venv\Lib\site-packages\fastapi\routing.py", line 120, in app
    response = await f(request)
               ^^^^^^^^^^^^^^^^
  File "C:\Projeto\Fazenda Morro Branco\Code\backend\venv\Lib\site-packages\fastapi\routing.py", line 674, in app
    raw_response = await run_endpoint_function(
                   ^^^^^^^^^^^^^^^^^^^^^^^^^^^^
    ...<3 lines>...
    )
    ^
  File "C:\Projeto\Fazenda Morro Branco\Code\backend\venv\Lib\site-packages\fastapi\routing.py", line 330, in run_endpoint_function
    return await run_in_threadpool(dependant.call, **values)
           ^^^^^^^^^^^^^^^^^^^^^^^^^^^^^^^^^^^^^^^^^^^^^^^^^
  File "C:\Projeto\Fazenda Morro Branco\Code\backend\venv\Lib\site-packages\starlette\concurrency.py", line 32, in run_in_threadpool
    return await anyio.to_thread.run_sync(func)
           ^^^^^^^^^^^^^^^^^^^^^^^^^^^^^^^^^^^^
  File "C:\Projeto\Fazenda Morro Branco\Code\backend\venv\Lib\site-packages\anyio\to_thread.py", line 63, in run_sync
    return await get_async_backend().run_sync_in_worker_thread(
           ^^^^^^^^^^^^^^^^^^^^^^^^^^^^^^^^^^^^^^^^^^^^^^^^^^^^
        func, args, abandon_on_cancel=abandon_on_cancel, limiter=limiter
        ^^^^^^^^^^^^^^^^^^^^^^^^^^^^^^^^^^^^^^^^^^^^^^^^^^^^^^^^^^^^^^^^
    )
    ^
  File "C:\Projeto\Fazenda Morro Branco\Code\backend\venv\Lib\site-packages\anyio\_backends\_asyncio.py", line 2518, in run_sync_in_worker_thread
    return await future
           ^^^^^^^^^^^^
  File "C:\Projeto\Fazenda Morro Branco\Code\backend\venv\Lib\site-packages\anyio\_backends\_asyncio.py", line 1002, in run
    result = context.run(func, *args)
  File "C:\Projeto\Fazenda Morro Branco\Code\backend\main.py", line 619, in get_data
    return JSONResponse(content=_sanitize({
        "records":          records,
    ...<5 lines>...
        "editable_columns": editable,
    }))
  File "C:\Projeto\Fazenda Morro Branco\Code\backend\venv\Lib\site-packages\starlette\responses.py", line 192, in __init__
    super().__init__(content, status_code, headers, media_type, background)
    ~~~~~~~~~~~~~~~~^^^^^^^^^^^^^^^^^^^^^^^^^^^^^^^^^^^^^^^^^^^^^^^^^^^^^^^
  File "C:\Projeto\Fazenda Morro Branco\Code\backend\venv\Lib\site-packages\starlette\responses.py", line 45, in __init__
    self.body = self.render(content)
                ~~~~~~~~~~~^^^^^^^^^
  File "C:\Projeto\Fazenda Morro Branco\Code\backend\venv\Lib\site-packages\starlette\responses.py", line 195, in render
    return json.dumps(
           ~~~~~~~~~~^
        content,
        ^^^^^^^^
    ...<3 lines>...
        separators=(",", ":"),
        ^^^^^^^^^^^^^^^^^^^^^^
    ).encode("utf-8")
    ^
  File "C:\Users\Administrador\AppData\Local\Python\pythoncore-3.14-64\Lib\json\__init__.py", line 242, in dumps
    **kw).encode(obj)
          ~~~~~~^^^^^
  File "C:\Users\Administrador\AppData\Local\Python\pythoncore-3.14-64\Lib\json\encoder.py", line 202, in encode
    chunks = self.iterencode(o, _one_shot=True)
  File "C:\Users\Administrador\AppData\Local\Python\pythoncore-3.14-64\Lib\json\encoder.py", line 263, in iterencode
    return _iterencode(o, 0)
  File "C:\Users\Administrador\AppData\Local\Python\pythoncore-3.14-64\Lib\json\encoder.py", line 182, in default
    raise TypeError(f'Object of type {o.__class__.__name__} '
                    f'is not JSON serializable')
TypeError: Object of type NaTType is not JSON serializable
when serializing dict item 'data'
when serializing list item 0
when serializing dict item 'records'
ERROR:    Exception in ASGI application
Traceback (most recent call last):
  File "C:\Projeto\Fazenda Morro Branco\Code\backend\venv\Lib\site-packages\uvicorn\protocols\http\h11_impl.py", line 415, in run_asgi
    result = await app(  # type: ignore[func-returns-value]
             ^^^^^^^^^^^^^^^^^^^^^^^^^^^^^^^^^^^^^^^^^^^^^^
        self.scope, self.receive, self.send
        ^^^^^^^^^^^^^^^^^^^^^^^^^^^^^^^^^^^
    )
    ^
  File "C:\Projeto\Fazenda Morro Branco\Code\backend\venv\Lib\site-packages\uvicorn\middleware\proxy_headers.py", line 56, in __call__
    return await self.app(scope, receive, send)
           ^^^^^^^^^^^^^^^^^^^^^^^^^^^^^^^^^^^^
  File "C:\Projeto\Fazenda Morro Branco\Code\backend\venv\Lib\site-packages\fastapi\applications.py", line 1159, in __call__
    await super().__call__(scope, receive, send)
  File "C:\Projeto\Fazenda Morro Branco\Code\backend\venv\Lib\site-packages\starlette\applications.py", line 90, in __call__
    await self.middleware_stack(scope, receive, send)
  File "C:\Projeto\Fazenda Morro Branco\Code\backend\venv\Lib\site-packages\starlette\middleware\errors.py", line 186, in __call__
    raise exc
  File "C:\Projeto\Fazenda Morro Branco\Code\backend\venv\Lib\site-packages\starlette\middleware\errors.py", line 164, in __call__
    await self.app(scope, receive, _send)
  File "C:\Projeto\Fazenda Morro Branco\Code\backend\venv\Lib\site-packages\starlette\middleware\cors.py", line 96, in __call__
    await self.simple_response(scope, receive, send, request_headers=headers)
  File "C:\Projeto\Fazenda Morro Branco\Code\backend\venv\Lib\site-packages\starlette\middleware\cors.py", line 154, in simple_response
    await self.app(scope, receive, send)
  File "C:\Projeto\Fazenda Morro Branco\Code\backend\venv\Lib\site-packages\starlette\middleware\exceptions.py", line 63, in __call__
    await wrap_app_handling_exceptions(self.app, conn)(scope, receive, send)
  File "C:\Projeto\Fazenda Morro Branco\Code\backend\venv\Lib\site-packages\starlette\_exception_handler.py", line 53, in wrapped_app
    raise exc
  File "C:\Projeto\Fazenda Morro Branco\Code\backend\venv\Lib\site-packages\starlette\_exception_handler.py", line 42, in wrapped_app
    await app(scope, receive, sender)
  File "C:\Projeto\Fazenda Morro Branco\Code\backend\venv\Lib\site-packages\fastapi\middleware\asyncexitstack.py", line 18, in __call__
    await self.app(scope, receive, send)
  File "C:\Projeto\Fazenda Morro Branco\Code\backend\venv\Lib\site-packages\starlette\routing.py", line 660, in __call__
    await self.middleware_stack(scope, receive, send)
  File "C:\Projeto\Fazenda Morro Branco\Code\backend\venv\Lib\site-packages\starlette\routing.py", line 680, in app
    await route.handle(scope, receive, send)
  File "C:\Projeto\Fazenda Morro Branco\Code\backend\venv\Lib\site-packages\starlette\routing.py", line 276, in handle
    await self.app(scope, receive, send)
  File "C:\Projeto\Fazenda Morro Branco\Code\backend\venv\Lib\site-packages\fastapi\routing.py", line 134, in app
    await wrap_app_handling_exceptions(app, request)(scope, receive, send)
  File "C:\Projeto\Fazenda Morro Branco\Code\backend\venv\Lib\site-packages\starlette\_exception_handler.py", line 53, in wrapped_app
    raise exc
  File "C:\Projeto\Fazenda Morro Branco\Code\backend\venv\Lib\site-packages\starlette\_exception_handler.py", line 42, in wrapped_app
    await app(scope, receive, sender)
  File "C:\Projeto\Fazenda Morro Branco\Code\backend\venv\Lib\site-packages\fastapi\routing.py", line 120, in app
    response = await f(request)
               ^^^^^^^^^^^^^^^^
  File "C:\Projeto\Fazenda Morro Branco\Code\backend\venv\Lib\site-packages\fastapi\routing.py", line 674, in app
    raw_response = await run_endpoint_function(
                   ^^^^^^^^^^^^^^^^^^^^^^^^^^^^
    ...<3 lines>...
    )
    ^
  File "C:\Projeto\Fazenda Morro Branco\Code\backend\venv\Lib\site-packages\fastapi\routing.py", line 330, in run_endpoint_function
    return await run_in_threadpool(dependant.call, **values)
           ^^^^^^^^^^^^^^^^^^^^^^^^^^^^^^^^^^^^^^^^^^^^^^^^^
  File "C:\Projeto\Fazenda Morro Branco\Code\backend\venv\Lib\site-packages\starlette\concurrency.py", line 32, in run_in_threadpool
    return await anyio.to_thread.run_sync(func)
           ^^^^^^^^^^^^^^^^^^^^^^^^^^^^^^^^^^^^
  File "C:\Projeto\Fazenda Morro Branco\Code\backend\venv\Lib\site-packages\anyio\to_thread.py", line 63, in run_sync
    return await get_async_backend().run_sync_in_worker_thread(
           ^^^^^^^^^^^^^^^^^^^^^^^^^^^^^^^^^^^^^^^^^^^^^^^^^^^^
        func, args, abandon_on_cancel=abandon_on_cancel, limiter=limiter
        ^^^^^^^^^^^^^^^^^^^^^^^^^^^^^^^^^^^^^^^^^^^^^^^^^^^^^^^^^^^^^^^^
    )
    ^
  File "C:\Projeto\Fazenda Morro Branco\Code\backend\venv\Lib\site-packages\anyio\_backends\_asyncio.py", line 2518, in run_sync_in_worker_thread
    return await future
           ^^^^^^^^^^^^
  File "C:\Projeto\Fazenda Morro Branco\Code\backend\venv\Lib\site-packages\anyio\_backends\_asyncio.py", line 1002, in run
    result = context.run(func, *args)
  File "C:\Projeto\Fazenda Morro Branco\Code\backend\main.py", line 619, in get_data
    return JSONResponse(content=_sanitize({
        "records":          records,
    ...<5 lines>...
        "editable_columns": editable,
    }))
  File "C:\Projeto\Fazenda Morro Branco\Code\backend\venv\Lib\site-packages\starlette\responses.py", line 192, in __init__
    super().__init__(content, status_code, headers, media_type, background)
    ~~~~~~~~~~~~~~~~^^^^^^^^^^^^^^^^^^^^^^^^^^^^^^^^^^^^^^^^^^^^^^^^^^^^^^^
  File "C:\Projeto\Fazenda Morro Branco\Code\backend\venv\Lib\site-packages\starlette\responses.py", line 45, in __init__
    self.body = self.render(content)
                ~~~~~~~~~~~^^^^^^^^^
  File "C:\Projeto\Fazenda Morro Branco\Code\backend\venv\Lib\site-packages\starlette\responses.py", line 195, in render
    return json.dumps(
           ~~~~~~~~~~^
        content,
        ^^^^^^^^
    ...<3 lines>...
        separators=(",", ":"),
        ^^^^^^^^^^^^^^^^^^^^^^
    ).encode("utf-8")
    ^
  File "C:\Users\Administrador\AppData\Local\Python\pythoncore-3.14-64\Lib\json\__init__.py", line 242, in dumps
    **kw).encode(obj)
          ~~~~~~^^^^^
  File "C:\Users\Administrador\AppData\Local\Python\pythoncore-3.14-64\Lib\json\encoder.py", line 202, in encode
    chunks = self.iterencode(o, _one_shot=True)
  File "C:\Users\Administrador\AppData\Local\Python\pythoncore-3.14-64\Lib\json\encoder.py", line 263, in iterencode
    return _iterencode(o, 0)
  File "C:\Users\Administrador\AppData\Local\Python\pythoncore-3.14-64\Lib\json\encoder.py", line 182, in default
    raise TypeError(f'Object of type {o.__class__.__name__} '
                    f'is not JSON serializable')
TypeError: Object of type NaTType is not JSON serializable
when serializing dict item 'data'
when serializing list item 0
when serializing dict item 'records'
ERROR:    Exception in ASGI application
Traceback (most recent call last):
  File "C:\Projeto\Fazenda Morro Branco\Code\backend\venv\Lib\site-packages\uvicorn\protocols\http\h11_impl.py", line 415, in run_asgi
    result = await app(  # type: ignore[func-returns-value]
             ^^^^^^^^^^^^^^^^^^^^^^^^^^^^^^^^^^^^^^^^^^^^^^
        self.scope, self.receive, self.send
        ^^^^^^^^^^^^^^^^^^^^^^^^^^^^^^^^^^^
    )
    ^
  File "C:\Projeto\Fazenda Morro Branco\Code\backend\venv\Lib\site-packages\uvicorn\middleware\proxy_headers.py", line 56, in __call__
    return await self.app(scope, receive, send)
           ^^^^^^^^^^^^^^^^^^^^^^^^^^^^^^^^^^^^
  File "C:\Projeto\Fazenda Morro Branco\Code\backend\venv\Lib\site-packages\fastapi\applications.py", line 1159, in __call__
    await super().__call__(scope, receive, send)
  File "C:\Projeto\Fazenda Morro Branco\Code\backend\venv\Lib\site-packages\starlette\applications.py", line 90, in __call__
    await self.middleware_stack(scope, receive, send)
  File "C:\Projeto\Fazenda Morro Branco\Code\backend\venv\Lib\site-packages\starlette\middleware\errors.py", line 186, in __call__
    raise exc
  File "C:\Projeto\Fazenda Morro Branco\Code\backend\venv\Lib\site-packages\starlette\middleware\errors.py", line 164, in __call__
    await self.app(scope, receive, _send)
  File "C:\Projeto\Fazenda Morro Branco\Code\backend\venv\Lib\site-packages\starlette\middleware\cors.py", line 96, in __call__
    await self.simple_response(scope, receive, send, request_headers=headers)
  File "C:\Projeto\Fazenda Morro Branco\Code\backend\venv\Lib\site-packages\starlette\middleware\cors.py", line 154, in simple_response
    await self.app(scope, receive, send)
  File "C:\Projeto\Fazenda Morro Branco\Code\backend\venv\Lib\site-packages\starlette\middleware\exceptions.py", line 63, in __call__
    await wrap_app_handling_exceptions(self.app, conn)(scope, receive, send)
  File "C:\Projeto\Fazenda Morro Branco\Code\backend\venv\Lib\site-packages\starlette\_exception_handler.py", line 53, in wrapped_app
    raise exc
  File "C:\Projeto\Fazenda Morro Branco\Code\backend\venv\Lib\site-packages\starlette\_exception_handler.py", line 42, in wrapped_app
    await app(scope, receive, sender)
  File "C:\Projeto\Fazenda Morro Branco\Code\backend\venv\Lib\site-packages\fastapi\middleware\asyncexitstack.py", line 18, in __call__
    await self.app(scope, receive, send)
  File "C:\Projeto\Fazenda Morro Branco\Code\backend\venv\Lib\site-packages\starlette\routing.py", line 660, in __call__
    await self.middleware_stack(scope, receive, send)
  File "C:\Projeto\Fazenda Morro Branco\Code\backend\venv\Lib\site-packages\starlette\routing.py", line 680, in app
    await route.handle(scope, receive, send)
  File "C:\Projeto\Fazenda Morro Branco\Code\backend\venv\Lib\site-packages\starlette\routing.py", line 276, in handle
    await self.app(scope, receive, send)
  File "C:\Projeto\Fazenda Morro Branco\Code\backend\venv\Lib\site-packages\fastapi\routing.py", line 134, in app
    await wrap_app_handling_exceptions(app, request)(scope, receive, send)
  File "C:\Projeto\Fazenda Morro Branco\Code\backend\venv\Lib\site-packages\starlette\_exception_handler.py", line 53, in wrapped_app
    raise exc
  File "C:\Projeto\Fazenda Morro Branco\Code\backend\venv\Lib\site-packages\starlette\_exception_handler.py", line 42, in wrapped_app
    await app(scope, receive, sender)
  File "C:\Projeto\Fazenda Morro Branco\Code\backend\venv\Lib\site-packages\fastapi\routing.py", line 120, in app
    response = await f(request)
               ^^^^^^^^^^^^^^^^
  File "C:\Projeto\Fazenda Morro Branco\Code\backend\venv\Lib\site-packages\fastapi\routing.py", line 674, in app
    raw_response = await run_endpoint_function(
                   ^^^^^^^^^^^^^^^^^^^^^^^^^^^^
    ...<3 lines>...
    )
    ^
  File "C:\Projeto\Fazenda Morro Branco\Code\backend\venv\Lib\site-packages\fastapi\routing.py", line 330, in run_endpoint_function
    return await run_in_threadpool(dependant.call, **values)
           ^^^^^^^^^^^^^^^^^^^^^^^^^^^^^^^^^^^^^^^^^^^^^^^^^
  File "C:\Projeto\Fazenda Morro Branco\Code\backend\venv\Lib\site-packages\starlette\concurrency.py", line 32, in run_in_threadpool
    return await anyio.to_thread.run_sync(func)
           ^^^^^^^^^^^^^^^^^^^^^^^^^^^^^^^^^^^^
  File "C:\Projeto\Fazenda Morro Branco\Code\backend\venv\Lib\site-packages\anyio\to_thread.py", line 63, in run_sync
    return await get_async_backend().run_sync_in_worker_thread(
           ^^^^^^^^^^^^^^^^^^^^^^^^^^^^^^^^^^^^^^^^^^^^^^^^^^^^
        func, args, abandon_on_cancel=abandon_on_cancel, limiter=limiter
        ^^^^^^^^^^^^^^^^^^^^^^^^^^^^^^^^^^^^^^^^^^^^^^^^^^^^^^^^^^^^^^^^
    )
    ^
  File "C:\Projeto\Fazenda Morro Branco\Code\backend\venv\Lib\site-packages\anyio\_backends\_asyncio.py", line 2518, in run_sync_in_worker_thread
    return await future
           ^^^^^^^^^^^^
  File "C:\Projeto\Fazenda Morro Branco\Code\backend\venv\Lib\site-packages\anyio\_backends\_asyncio.py", line 1002, in run
    result = context.run(func, *args)
  File "C:\Projeto\Fazenda Morro Branco\Code\backend\main.py", line 619, in get_data
    return JSONResponse(content=_sanitize({
        "records":          records,
    ...<5 lines>...
        "editable_columns": editable,
    }))
  File "C:\Projeto\Fazenda Morro Branco\Code\backend\venv\Lib\site-packages\starlette\responses.py", line 192, in __init__
    super().__init__(content, status_code, headers, media_type, background)
    ~~~~~~~~~~~~~~~~^^^^^^^^^^^^^^^^^^^^^^^^^^^^^^^^^^^^^^^^^^^^^^^^^^^^^^^
  File "C:\Projeto\Fazenda Morro Branco\Code\backend\venv\Lib\site-packages\starlette\responses.py", line 45, in __init__
    self.body = self.render(content)
                ~~~~~~~~~~~^^^^^^^^^
  File "C:\Projeto\Fazenda Morro Branco\Code\backend\venv\Lib\site-packages\starlette\responses.py", line 195, in render
    return json.dumps(
           ~~~~~~~~~~^
        content,
        ^^^^^^^^
    ...<3 lines>...
        separators=(",", ":"),
        ^^^^^^^^^^^^^^^^^^^^^^
    ).encode("utf-8")
    ^
  File "C:\Users\Administrador\AppData\Local\Python\pythoncore-3.14-64\Lib\json\__init__.py", line 242, in dumps
    **kw).encode(obj)
          ~~~~~~^^^^^
  File "C:\Users\Administrador\AppData\Local\Python\pythoncore-3.14-64\Lib\json\encoder.py", line 202, in encode
    chunks = self.iterencode(o, _one_shot=True)
  File "C:\Users\Administrador\AppData\Local\Python\pythoncore-3.14-64\Lib\json\encoder.py", line 263, in iterencode
    return _iterencode(o, 0)
  File "C:\Users\Administrador\AppData\Local\Python\pythoncore-3.14-64\Lib\json\encoder.py", line 182, in default
    raise TypeError(f'Object of type {o.__class__.__name__} '
                    f'is not JSON serializable')
TypeError: Object of type NaTType is not JSON serializable
when serializing dict item 'data'
when serializing list item 0
when serializing dict item 'records'
ERROR:    Exception in ASGI application
Traceback (most recent call last):
  File "C:\Projeto\Fazenda Morro Branco\Code\backend\venv\Lib\site-packages\uvicorn\protocols\http\h11_impl.py", line 415, in run_asgi
    result = await app(  # type: ignore[func-returns-value]
             ^^^^^^^^^^^^^^^^^^^^^^^^^^^^^^^^^^^^^^^^^^^^^^
        self.scope, self.receive, self.send
        ^^^^^^^^^^^^^^^^^^^^^^^^^^^^^^^^^^^
    )
    ^
  File "C:\Projeto\Fazenda Morro Branco\Code\backend\venv\Lib\site-packages\uvicorn\middleware\proxy_headers.py", line 56, in __call__
    return await self.app(scope, receive, send)
           ^^^^^^^^^^^^^^^^^^^^^^^^^^^^^^^^^^^^
  File "C:\Projeto\Fazenda Morro Branco\Code\backend\venv\Lib\site-packages\fastapi\applications.py", line 1159, in __call__
    await super().__call__(scope, receive, send)
  File "C:\Projeto\Fazenda Morro Branco\Code\backend\venv\Lib\site-packages\starlette\applications.py", line 90, in __call__
    await self.middleware_stack(scope, receive, send)
  File "C:\Projeto\Fazenda Morro Branco\Code\backend\venv\Lib\site-packages\starlette\middleware\errors.py", line 186, in __call__
    raise exc
  File "C:\Projeto\Fazenda Morro Branco\Code\backend\venv\Lib\site-packages\starlette\middleware\errors.py", line 164, in __call__
    await self.app(scope, receive, _send)
  File "C:\Projeto\Fazenda Morro Branco\Code\backend\venv\Lib\site-packages\starlette\middleware\cors.py", line 96, in __call__
    await self.simple_response(scope, receive, send, request_headers=headers)
  File "C:\Projeto\Fazenda Morro Branco\Code\backend\venv\Lib\site-packages\starlette\middleware\cors.py", line 154, in simple_response
    await self.app(scope, receive, send)
  File "C:\Projeto\Fazenda Morro Branco\Code\backend\venv\Lib\site-packages\starlette\middleware\exceptions.py", line 63, in __call__
    await wrap_app_handling_exceptions(self.app, conn)(scope, receive, send)
  File "C:\Projeto\Fazenda Morro Branco\Code\backend\venv\Lib\site-packages\starlette\_exception_handler.py", line 53, in wrapped_app
    raise exc
  File "C:\Projeto\Fazenda Morro Branco\Code\backend\venv\Lib\site-packages\starlette\_exception_handler.py", line 42, in wrapped_app
    await app(scope, receive, sender)
  File "C:\Projeto\Fazenda Morro Branco\Code\backend\venv\Lib\site-packages\fastapi\middleware\asyncexitstack.py", line 18, in __call__
    await self.app(scope, receive, send)
  File "C:\Projeto\Fazenda Morro Branco\Code\backend\venv\Lib\site-packages\starlette\routing.py", line 660, in __call__
    await self.middleware_stack(scope, receive, send)
  File "C:\Projeto\Fazenda Morro Branco\Code\backend\venv\Lib\site-packages\starlette\routing.py", line 680, in app
    await route.handle(scope, receive, send)
  File "C:\Projeto\Fazenda Morro Branco\Code\backend\venv\Lib\site-packages\starlette\routing.py", line 276, in handle
    await self.app(scope, receive, send)
  File "C:\Projeto\Fazenda Morro Branco\Code\backend\venv\Lib\site-packages\fastapi\routing.py", line 134, in app
    await wrap_app_handling_exceptions(app, request)(scope, receive, send)
  File "C:\Projeto\Fazenda Morro Branco\Code\backend\venv\Lib\site-packages\starlette\_exception_handler.py", line 53, in wrapped_app
    raise exc
  File "C:\Projeto\Fazenda Morro Branco\Code\backend\venv\Lib\site-packages\starlette\_exception_handler.py", line 42, in wrapped_app
    await app(scope, receive, sender)
  File "C:\Projeto\Fazenda Morro Branco\Code\backend\venv\Lib\site-packages\fastapi\routing.py", line 120, in app
    response = await f(request)
               ^^^^^^^^^^^^^^^^
  File "C:\Projeto\Fazenda Morro Branco\Code\backend\venv\Lib\site-packages\fastapi\routing.py", line 674, in app
    raw_response = await run_endpoint_function(
                   ^^^^^^^^^^^^^^^^^^^^^^^^^^^^
    ...<3 lines>...
    )
    ^
  File "C:\Projeto\Fazenda Morro Branco\Code\backend\venv\Lib\site-packages\fastapi\routing.py", line 330, in run_endpoint_function
    return await run_in_threadpool(dependant.call, **values)
           ^^^^^^^^^^^^^^^^^^^^^^^^^^^^^^^^^^^^^^^^^^^^^^^^^
  File "C:\Projeto\Fazenda Morro Branco\Code\backend\venv\Lib\site-packages\starlette\concurrency.py", line 32, in run_in_threadpool
    return await anyio.to_thread.run_sync(func)
           ^^^^^^^^^^^^^^^^^^^^^^^^^^^^^^^^^^^^
  File "C:\Projeto\Fazenda Morro Branco\Code\backend\venv\Lib\site-packages\anyio\to_thread.py", line 63, in run_sync
    return await get_async_backend().run_sync_in_worker_thread(
           ^^^^^^^^^^^^^^^^^^^^^^^^^^^^^^^^^^^^^^^^^^^^^^^^^^^^
        func, args, abandon_on_cancel=abandon_on_cancel, limiter=limiter
        ^^^^^^^^^^^^^^^^^^^^^^^^^^^^^^^^^^^^^^^^^^^^^^^^^^^^^^^^^^^^^^^^
    )
    ^
  File "C:\Projeto\Fazenda Morro Branco\Code\backend\venv\Lib\site-packages\anyio\_backends\_asyncio.py", line 2518, in run_sync_in_worker_thread
    return await future
           ^^^^^^^^^^^^
  File "C:\Projeto\Fazenda Morro Branco\Code\backend\venv\Lib\site-packages\anyio\_backends\_asyncio.py", line 1002, in run
    result = context.run(func, *args)
  File "C:\Projeto\Fazenda Morro Branco\Code\backend\main.py", line 619, in get_data
    return JSONResponse(content=_sanitize({
        "records":          records,
    ...<5 lines>...
        "editable_columns": editable,
    }))
  File "C:\Projeto\Fazenda Morro Branco\Code\backend\venv\Lib\site-packages\starlette\responses.py", line 192, in __init__
    super().__init__(content, status_code, headers, media_type, background)
    ~~~~~~~~~~~~~~~~^^^^^^^^^^^^^^^^^^^^^^^^^^^^^^^^^^^^^^^^^^^^^^^^^^^^^^^
  File "C:\Projeto\Fazenda Morro Branco\Code\backend\venv\Lib\site-packages\starlette\responses.py", line 45, in __init__
    self.body = self.render(content)
                ~~~~~~~~~~~^^^^^^^^^
  File "C:\Projeto\Fazenda Morro Branco\Code\backend\venv\Lib\site-packages\starlette\responses.py", line 195, in render
    return json.dumps(
           ~~~~~~~~~~^
        content,
        ^^^^^^^^
    ...<3 lines>...
        separators=(",", ":"),
        ^^^^^^^^^^^^^^^^^^^^^^
    ).encode("utf-8")
    ^
  File "C:\Users\Administrador\AppData\Local\Python\pythoncore-3.14-64\Lib\json\__init__.py", line 242, in dumps
    **kw).encode(obj)
          ~~~~~~^^^^^
  File "C:\Users\Administrador\AppData\Local\Python\pythoncore-3.14-64\Lib\json\encoder.py", line 202, in encode
    chunks = self.iterencode(o, _one_shot=True)
  File "C:\Users\Administrador\AppData\Local\Python\pythoncore-3.14-64\Lib\json\encoder.py", line 263, in iterencode
    return _iterencode(o, 0)
  File "C:\Users\Administrador\AppData\Local\Python\pythoncore-3.14-64\Lib\json\encoder.py", line 182, in default
    raise TypeError(f'Object of type {o.__class__.__name__} '
                    f'is not JSON serializable')
TypeError: Object of type NaTType is not JSON serializable
when serializing dict item 'data'
when serializing list item 0
when serializing dict item 'records'
ERROR:    Exception in ASGI application
Traceback (most recent call last):
  File "C:\Projeto\Fazenda Morro Branco\Code\backend\venv\Lib\site-packages\uvicorn\protocols\http\h11_impl.py", line 415, in run_asgi
    result = await app(  # type: ignore[func-returns-value]
             ^^^^^^^^^^^^^^^^^^^^^^^^^^^^^^^^^^^^^^^^^^^^^^
        self.scope, self.receive, self.send
        ^^^^^^^^^^^^^^^^^^^^^^^^^^^^^^^^^^^
    )
    ^
  File "C:\Projeto\Fazenda Morro Branco\Code\backend\venv\Lib\site-packages\uvicorn\middleware\proxy_headers.py", line 56, in __call__
    return await self.app(scope, receive, send)
           ^^^^^^^^^^^^^^^^^^^^^^^^^^^^^^^^^^^^
  File "C:\Projeto\Fazenda Morro Branco\Code\backend\venv\Lib\site-packages\fastapi\applications.py", line 1159, in __call__
    await super().__call__(scope, receive, send)
  File "C:\Projeto\Fazenda Morro Branco\Code\backend\venv\Lib\site-packages\starlette\applications.py", line 90, in __call__
    await self.middleware_stack(scope, receive, send)
  File "C:\Projeto\Fazenda Morro Branco\Code\backend\venv\Lib\site-packages\starlette\middleware\errors.py", line 186, in __call__
    raise exc
  File "C:\Projeto\Fazenda Morro Branco\Code\backend\venv\Lib\site-packages\starlette\middleware\errors.py", line 164, in __call__
    await self.app(scope, receive, _send)
  File "C:\Projeto\Fazenda Morro Branco\Code\backend\venv\Lib\site-packages\starlette\middleware\cors.py", line 96, in __call__
    await self.simple_response(scope, receive, send, request_headers=headers)
  File "C:\Projeto\Fazenda Morro Branco\Code\backend\venv\Lib\site-packages\starlette\middleware\cors.py", line 154, in simple_response
    await self.app(scope, receive, send)
  File "C:\Projeto\Fazenda Morro Branco\Code\backend\venv\Lib\site-packages\starlette\middleware\exceptions.py", line 63, in __call__
    await wrap_app_handling_exceptions(self.app, conn)(scope, receive, send)
  File "C:\Projeto\Fazenda Morro Branco\Code\backend\venv\Lib\site-packages\starlette\_exception_handler.py", line 53, in wrapped_app
    raise exc
  File "C:\Projeto\Fazenda Morro Branco\Code\backend\venv\Lib\site-packages\starlette\_exception_handler.py", line 42, in wrapped_app
    await app(scope, receive, sender)
  File "C:\Projeto\Fazenda Morro Branco\Code\backend\venv\Lib\site-packages\fastapi\middleware\asyncexitstack.py", line 18, in __call__
    await self.app(scope, receive, send)
  File "C:\Projeto\Fazenda Morro Branco\Code\backend\venv\Lib\site-packages\starlette\routing.py", line 660, in __call__
    await self.middleware_stack(scope, receive, send)
  File "C:\Projeto\Fazenda Morro Branco\Code\backend\venv\Lib\site-packages\starlette\routing.py", line 680, in app
    await route.handle(scope, receive, send)
  File "C:\Projeto\Fazenda Morro Branco\Code\backend\venv\Lib\site-packages\starlette\routing.py", line 276, in handle
    await self.app(scope, receive, send)
  File "C:\Projeto\Fazenda Morro Branco\Code\backend\venv\Lib\site-packages\fastapi\routing.py", line 134, in app
    await wrap_app_handling_exceptions(app, request)(scope, receive, send)
  File "C:\Projeto\Fazenda Morro Branco\Code\backend\venv\Lib\site-packages\starlette\_exception_handler.py", line 53, in wrapped_app
    raise exc
  File "C:\Projeto\Fazenda Morro Branco\Code\backend\venv\Lib\site-packages\starlette\_exception_handler.py", line 42, in wrapped_app
    await app(scope, receive, sender)
  File "C:\Projeto\Fazenda Morro Branco\Code\backend\venv\Lib\site-packages\fastapi\routing.py", line 120, in app
    response = await f(request)
               ^^^^^^^^^^^^^^^^
  File "C:\Projeto\Fazenda Morro Branco\Code\backend\venv\Lib\site-packages\fastapi\routing.py", line 674, in app
    raw_response = await run_endpoint_function(
                   ^^^^^^^^^^^^^^^^^^^^^^^^^^^^
    ...<3 lines>...
    )
    ^
  File "C:\Projeto\Fazenda Morro Branco\Code\backend\venv\Lib\site-packages\fastapi\routing.py", line 330, in run_endpoint_function
    return await run_in_threadpool(dependant.call, **values)
           ^^^^^^^^^^^^^^^^^^^^^^^^^^^^^^^^^^^^^^^^^^^^^^^^^
  File "C:\Projeto\Fazenda Morro Branco\Code\backend\venv\Lib\site-packages\starlette\concurrency.py", line 32, in run_in_threadpool
    return await anyio.to_thread.run_sync(func)
           ^^^^^^^^^^^^^^^^^^^^^^^^^^^^^^^^^^^^
  File "C:\Projeto\Fazenda Morro Branco\Code\backend\venv\Lib\site-packages\anyio\to_thread.py", line 63, in run_sync
    return await get_async_backend().run_sync_in_worker_thread(
           ^^^^^^^^^^^^^^^^^^^^^^^^^^^^^^^^^^^^^^^^^^^^^^^^^^^^
        func, args, abandon_on_cancel=abandon_on_cancel, limiter=limiter
        ^^^^^^^^^^^^^^^^^^^^^^^^^^^^^^^^^^^^^^^^^^^^^^^^^^^^^^^^^^^^^^^^
    )
    ^
  File "C:\Projeto\Fazenda Morro Branco\Code\backend\venv\Lib\site-packages\anyio\_backends\_asyncio.py", line 2518, in run_sync_in_worker_thread
    return await future
           ^^^^^^^^^^^^
  File "C:\Projeto\Fazenda Morro Branco\Code\backend\venv\Lib\site-packages\anyio\_backends\_asyncio.py", line 1002, in run
    result = context.run(func, *args)
  File "C:\Projeto\Fazenda Morro Branco\Code\backend\main.py", line 619, in get_data
    return JSONResponse(content=_sanitize({
        "records":          records,
    ...<5 lines>...
        "editable_columns": editable,
    }))
  File "C:\Projeto\Fazenda Morro Branco\Code\backend\venv\Lib\site-packages\starlette\responses.py", line 192, in __init__
    super().__init__(content, status_code, headers, media_type, background)
    ~~~~~~~~~~~~~~~~^^^^^^^^^^^^^^^^^^^^^^^^^^^^^^^^^^^^^^^^^^^^^^^^^^^^^^^
  File "C:\Projeto\Fazenda Morro Branco\Code\backend\venv\Lib\site-packages\starlette\responses.py", line 45, in __init__
    self.body = self.render(content)
                ~~~~~~~~~~~^^^^^^^^^
  File "C:\Projeto\Fazenda Morro Branco\Code\backend\venv\Lib\site-packages\starlette\responses.py", line 195, in render
    return json.dumps(
           ~~~~~~~~~~^
        content,
        ^^^^^^^^
    ...<3 lines>...
        separators=(",", ":"),
        ^^^^^^^^^^^^^^^^^^^^^^
    ).encode("utf-8")
    ^
  File "C:\Users\Administrador\AppData\Local\Python\pythoncore-3.14-64\Lib\json\__init__.py", line 242, in dumps
    **kw).encode(obj)
          ~~~~~~^^^^^
  File "C:\Users\Administrador\AppData\Local\Python\pythoncore-3.14-64\Lib\json\encoder.py", line 202, in encode
    chunks = self.iterencode(o, _one_shot=True)
  File "C:\Users\Administrador\AppData\Local\Python\pythoncore-3.14-64\Lib\json\encoder.py", line 263, in iterencode
    return _iterencode(o, 0)
  File "C:\Users\Administrador\AppData\Local\Python\pythoncore-3.14-64\Lib\json\encoder.py", line 182, in default
    raise TypeError(f'Object of type {o.__class__.__name__} '
                    f'is not JSON serializable')
TypeError: Object of type NaTType is not JSON serializable
when serializing dict item 'data'
when serializing list item 0
when serializing dict item 'records'
ERROR:    Exception in ASGI application
Traceback (most recent call last):
  File "C:\Projeto\Fazenda Morro Branco\Code\backend\venv\Lib\site-packages\uvicorn\protocols\http\h11_impl.py", line 415, in run_asgi
    result = await app(  # type: ignore[func-returns-value]
             ^^^^^^^^^^^^^^^^^^^^^^^^^^^^^^^^^^^^^^^^^^^^^^
        self.scope, self.receive, self.send
        ^^^^^^^^^^^^^^^^^^^^^^^^^^^^^^^^^^^
    )
    ^
  File "C:\Projeto\Fazenda Morro Branco\Code\backend\venv\Lib\site-packages\uvicorn\middleware\proxy_headers.py", line 56, in __call__
    return await self.app(scope, receive, send)
           ^^^^^^^^^^^^^^^^^^^^^^^^^^^^^^^^^^^^
  File "C:\Projeto\Fazenda Morro Branco\Code\backend\venv\Lib\site-packages\fastapi\applications.py", line 1159, in __call__
    await super().__call__(scope, receive, send)
  File "C:\Projeto\Fazenda Morro Branco\Code\backend\venv\Lib\site-packages\starlette\applications.py", line 90, in __call__
    await self.middleware_stack(scope, receive, send)
  File "C:\Projeto\Fazenda Morro Branco\Code\backend\venv\Lib\site-packages\starlette\middleware\errors.py", line 186, in __call__
    raise exc
  File "C:\Projeto\Fazenda Morro Branco\Code\backend\venv\Lib\site-packages\starlette\middleware\errors.py", line 164, in __call__
    await self.app(scope, receive, _send)
  File "C:\Projeto\Fazenda Morro Branco\Code\backend\venv\Lib\site-packages\starlette\middleware\cors.py", line 96, in __call__
    await self.simple_response(scope, receive, send, request_headers=headers)
  File "C:\Projeto\Fazenda Morro Branco\Code\backend\venv\Lib\site-packages\starlette\middleware\cors.py", line 154, in simple_response
    await self.app(scope, receive, send)
  File "C:\Projeto\Fazenda Morro Branco\Code\backend\venv\Lib\site-packages\starlette\middleware\exceptions.py", line 63, in __call__
    await wrap_app_handling_exceptions(self.app, conn)(scope, receive, send)
  File "C:\Projeto\Fazenda Morro Branco\Code\backend\venv\Lib\site-packages\starlette\_exception_handler.py", line 53, in wrapped_app
    raise exc
  File "C:\Projeto\Fazenda Morro Branco\Code\backend\venv\Lib\site-packages\starlette\_exception_handler.py", line 42, in wrapped_app
    await app(scope, receive, sender)
  File "C:\Projeto\Fazenda Morro Branco\Code\backend\venv\Lib\site-packages\fastapi\middleware\asyncexitstack.py", line 18, in __call__
    await self.app(scope, receive, send)
  File "C:\Projeto\Fazenda Morro Branco\Code\backend\venv\Lib\site-packages\starlette\routing.py", line 660, in __call__
    await self.middleware_stack(scope, receive, send)
  File "C:\Projeto\Fazenda Morro Branco\Code\backend\venv\Lib\site-packages\starlette\routing.py", line 680, in app
    await route.handle(scope, receive, send)
  File "C:\Projeto\Fazenda Morro Branco\Code\backend\venv\Lib\site-packages\starlette\routing.py", line 276, in handle
    await self.app(scope, receive, send)
  File "C:\Projeto\Fazenda Morro Branco\Code\backend\venv\Lib\site-packages\fastapi\routing.py", line 134, in app
    await wrap_app_handling_exceptions(app, request)(scope, receive, send)
  File "C:\Projeto\Fazenda Morro Branco\Code\backend\venv\Lib\site-packages\starlette\_exception_handler.py", line 53, in wrapped_app
    raise exc
  File "C:\Projeto\Fazenda Morro Branco\Code\backend\venv\Lib\site-packages\starlette\_exception_handler.py", line 42, in wrapped_app
    await app(scope, receive, sender)
  File "C:\Projeto\Fazenda Morro Branco\Code\backend\venv\Lib\site-packages\fastapi\routing.py", line 120, in app
    response = await f(request)
               ^^^^^^^^^^^^^^^^
  File "C:\Projeto\Fazenda Morro Branco\Code\backend\venv\Lib\site-packages\fastapi\routing.py", line 674, in app
    raw_response = await run_endpoint_function(
                   ^^^^^^^^^^^^^^^^^^^^^^^^^^^^
    ...<3 lines>...
    )
    ^
  File "C:\Projeto\Fazenda Morro Branco\Code\backend\venv\Lib\site-packages\fastapi\routing.py", line 330, in run_endpoint_function
    return await run_in_threadpool(dependant.call, **values)
           ^^^^^^^^^^^^^^^^^^^^^^^^^^^^^^^^^^^^^^^^^^^^^^^^^
  File "C:\Projeto\Fazenda Morro Branco\Code\backend\venv\Lib\site-packages\starlette\concurrency.py", line 32, in run_in_threadpool
    return await anyio.to_thread.run_sync(func)
           ^^^^^^^^^^^^^^^^^^^^^^^^^^^^^^^^^^^^
  File "C:\Projeto\Fazenda Morro Branco\Code\backend\venv\Lib\site-packages\anyio\to_thread.py", line 63, in run_sync
    return await get_async_backend().run_sync_in_worker_thread(
           ^^^^^^^^^^^^^^^^^^^^^^^^^^^^^^^^^^^^^^^^^^^^^^^^^^^^
        func, args, abandon_on_cancel=abandon_on_cancel, limiter=limiter
        ^^^^^^^^^^^^^^^^^^^^^^^^^^^^^^^^^^^^^^^^^^^^^^^^^^^^^^^^^^^^^^^^
    )
    ^
  File "C:\Projeto\Fazenda Morro Branco\Code\backend\venv\Lib\site-packages\anyio\_backends\_asyncio.py", line 2518, in run_sync_in_worker_thread
    return await future
           ^^^^^^^^^^^^
  File "C:\Projeto\Fazenda Morro Branco\Code\backend\venv\Lib\site-packages\anyio\_backends\_asyncio.py", line 1002, in run
    result = context.run(func, *args)
  File "C:\Projeto\Fazenda Morro Branco\Code\backend\main.py", line 619, in get_data
    return JSONResponse(content=_sanitize({
        "records":          records,
    ...<5 lines>...
        "editable_columns": editable,
    }))
  File "C:\Projeto\Fazenda Morro Branco\Code\backend\venv\Lib\site-packages\starlette\responses.py", line 192, in __init__
    super().__init__(content, status_code, headers, media_type, background)
    ~~~~~~~~~~~~~~~~^^^^^^^^^^^^^^^^^^^^^^^^^^^^^^^^^^^^^^^^^^^^^^^^^^^^^^^
  File "C:\Projeto\Fazenda Morro Branco\Code\backend\venv\Lib\site-packages\starlette\responses.py", line 45, in __init__
    self.body = self.render(content)
                ~~~~~~~~~~~^^^^^^^^^
  File "C:\Projeto\Fazenda Morro Branco\Code\backend\venv\Lib\site-packages\starlette\responses.py", line 195, in render
    return json.dumps(
           ~~~~~~~~~~^
        content,
        ^^^^^^^^
    ...<3 lines>...
        separators=(",", ":"),
        ^^^^^^^^^^^^^^^^^^^^^^
    ).encode("utf-8")
    ^
  File "C:\Users\Administrador\AppData\Local\Python\pythoncore-3.14-64\Lib\json\__init__.py", line 242, in dumps
    **kw).encode(obj)
          ~~~~~~^^^^^
  File "C:\Users\Administrador\AppData\Local\Python\pythoncore-3.14-64\Lib\json\encoder.py", line 202, in encode
    chunks = self.iterencode(o, _one_shot=True)
  File "C:\Users\Administrador\AppData\Local\Python\pythoncore-3.14-64\Lib\json\encoder.py", line 263, in iterencode
    return _iterencode(o, 0)
  File "C:\Users\Administrador\AppData\Local\Python\pythoncore-3.14-64\Lib\json\encoder.py", line 182, in default
    raise TypeError(f'Object of type {o.__class__.__name__} '
                    f'is not JSON serializable')
TypeError: Object of type NaTType is not JSON serializable
when serializing dict item 'data'
when serializing list item 0
when serializing dict item 'records'
ERROR:    Exception in ASGI application
Traceback (most recent call last):
  File "C:\Projeto\Fazenda Morro Branco\Code\backend\venv\Lib\site-packages\uvicorn\protocols\http\h11_impl.py", line 415, in run_asgi
    result = await app(  # type: ignore[func-returns-value]
             ^^^^^^^^^^^^^^^^^^^^^^^^^^^^^^^^^^^^^^^^^^^^^^
        self.scope, self.receive, self.send
        ^^^^^^^^^^^^^^^^^^^^^^^^^^^^^^^^^^^
    )
    ^
  File "C:\Projeto\Fazenda Morro Branco\Code\backend\venv\Lib\site-packages\uvicorn\middleware\proxy_headers.py", line 56, in __call__
    return await self.app(scope, receive, send)
           ^^^^^^^^^^^^^^^^^^^^^^^^^^^^^^^^^^^^
  File "C:\Projeto\Fazenda Morro Branco\Code\backend\venv\Lib\site-packages\fastapi\applications.py", line 1159, in __call__
    await super().__call__(scope, receive, send)
  File "C:\Projeto\Fazenda Morro Branco\Code\backend\venv\Lib\site-packages\starlette\applications.py", line 90, in __call__
    await self.middleware_stack(scope, receive, send)
  File "C:\Projeto\Fazenda Morro Branco\Code\backend\venv\Lib\site-packages\starlette\middleware\errors.py", line 186, in __call__
    raise exc
  File "C:\Projeto\Fazenda Morro Branco\Code\backend\venv\Lib\site-packages\starlette\middleware\errors.py", line 164, in __call__
    await self.app(scope, receive, _send)
  File "C:\Projeto\Fazenda Morro Branco\Code\backend\venv\Lib\site-packages\starlette\middleware\cors.py", line 96, in __call__
    await self.simple_response(scope, receive, send, request_headers=headers)
  File "C:\Projeto\Fazenda Morro Branco\Code\backend\venv\Lib\site-packages\starlette\middleware\cors.py", line 154, in simple_response
    await self.app(scope, receive, send)
  File "C:\Projeto\Fazenda Morro Branco\Code\backend\venv\Lib\site-packages\starlette\middleware\exceptions.py", line 63, in __call__
    await wrap_app_handling_exceptions(self.app, conn)(scope, receive, send)
  File "C:\Projeto\Fazenda Morro Branco\Code\backend\venv\Lib\site-packages\starlette\_exception_handler.py", line 53, in wrapped_app
    raise exc
  File "C:\Projeto\Fazenda Morro Branco\Code\backend\venv\Lib\site-packages\starlette\_exception_handler.py", line 42, in wrapped_app
    await app(scope, receive, sender)
  File "C:\Projeto\Fazenda Morro Branco\Code\backend\venv\Lib\site-packages\fastapi\middleware\asyncexitstack.py", line 18, in __call__
    await self.app(scope, receive, send)
  File "C:\Projeto\Fazenda Morro Branco\Code\backend\venv\Lib\site-packages\starlette\routing.py", line 660, in __call__
    await self.middleware_stack(scope, receive, send)
  File "C:\Projeto\Fazenda Morro Branco\Code\backend\venv\Lib\site-packages\starlette\routing.py", line 680, in app
    await route.handle(scope, receive, send)
  File "C:\Projeto\Fazenda Morro Branco\Code\backend\venv\Lib\site-packages\starlette\routing.py", line 276, in handle
    await self.app(scope, receive, send)
  File "C:\Projeto\Fazenda Morro Branco\Code\backend\venv\Lib\site-packages\fastapi\routing.py", line 134, in app
    await wrap_app_handling_exceptions(app, request)(scope, receive, send)
  File "C:\Projeto\Fazenda Morro Branco\Code\backend\venv\Lib\site-packages\starlette\_exception_handler.py", line 53, in wrapped_app
    raise exc
  File "C:\Projeto\Fazenda Morro Branco\Code\backend\venv\Lib\site-packages\starlette\_exception_handler.py", line 42, in wrapped_app
    await app(scope, receive, sender)
  File "C:\Projeto\Fazenda Morro Branco\Code\backend\venv\Lib\site-packages\fastapi\routing.py", line 120, in app
    response = await f(request)
               ^^^^^^^^^^^^^^^^
  File "C:\Projeto\Fazenda Morro Branco\Code\backend\venv\Lib\site-packages\fastapi\routing.py", line 674, in app
    raw_response = await run_endpoint_function(
                   ^^^^^^^^^^^^^^^^^^^^^^^^^^^^
    ...<3 lines>...
    )
    ^
  File "C:\Projeto\Fazenda Morro Branco\Code\backend\venv\Lib\site-packages\fastapi\routing.py", line 330, in run_endpoint_function
    return await run_in_threadpool(dependant.call, **values)
           ^^^^^^^^^^^^^^^^^^^^^^^^^^^^^^^^^^^^^^^^^^^^^^^^^
  File "C:\Projeto\Fazenda Morro Branco\Code\backend\venv\Lib\site-packages\starlette\concurrency.py", line 32, in run_in_threadpool
    return await anyio.to_thread.run_sync(func)
           ^^^^^^^^^^^^^^^^^^^^^^^^^^^^^^^^^^^^
  File "C:\Projeto\Fazenda Morro Branco\Code\backend\venv\Lib\site-packages\anyio\to_thread.py", line 63, in run_sync
    return await get_async_backend().run_sync_in_worker_thread(
           ^^^^^^^^^^^^^^^^^^^^^^^^^^^^^^^^^^^^^^^^^^^^^^^^^^^^
        func, args, abandon_on_cancel=abandon_on_cancel, limiter=limiter
        ^^^^^^^^^^^^^^^^^^^^^^^^^^^^^^^^^^^^^^^^^^^^^^^^^^^^^^^^^^^^^^^^
    )
    ^
  File "C:\Projeto\Fazenda Morro Branco\Code\backend\venv\Lib\site-packages\anyio\_backends\_asyncio.py", line 2518, in run_sync_in_worker_thread
    return await future
           ^^^^^^^^^^^^
  File "C:\Projeto\Fazenda Morro Branco\Code\backend\venv\Lib\site-packages\anyio\_backends\_asyncio.py", line 1002, in run
    result = context.run(func, *args)
  File "C:\Projeto\Fazenda Morro Branco\Code\backend\main.py", line 619, in get_data
    return JSONResponse(content=_sanitize({
        "records":          records,
    ...<5 lines>...
        "editable_columns": editable,
    }))
  File "C:\Projeto\Fazenda Morro Branco\Code\backend\venv\Lib\site-packages\starlette\responses.py", line 192, in __init__
    super().__init__(content, status_code, headers, media_type, background)
    ~~~~~~~~~~~~~~~~^^^^^^^^^^^^^^^^^^^^^^^^^^^^^^^^^^^^^^^^^^^^^^^^^^^^^^^
  File "C:\Projeto\Fazenda Morro Branco\Code\backend\venv\Lib\site-packages\starlette\responses.py", line 45, in __init__
    self.body = self.render(content)
                ~~~~~~~~~~~^^^^^^^^^
  File "C:\Projeto\Fazenda Morro Branco\Code\backend\venv\Lib\site-packages\starlette\responses.py", line 195, in render
    return json.dumps(
           ~~~~~~~~~~^
        content,
        ^^^^^^^^
    ...<3 lines>...
        separators=(",", ":"),
        ^^^^^^^^^^^^^^^^^^^^^^
    ).encode("utf-8")
    ^
  File "C:\Users\Administrador\AppData\Local\Python\pythoncore-3.14-64\Lib\json\__init__.py", line 242, in dumps
    **kw).encode(obj)
          ~~~~~~^^^^^
  File "C:\Users\Administrador\AppData\Local\Python\pythoncore-3.14-64\Lib\json\encoder.py", line 202, in encode
    chunks = self.iterencode(o, _one_shot=True)
  File "C:\Users\Administrador\AppData\Local\Python\pythoncore-3.14-64\Lib\json\encoder.py", line 263, in iterencode
    return _iterencode(o, 0)
  File "C:\Users\Administrador\AppData\Local\Python\pythoncore-3.14-64\Lib\json\encoder.py", line 182, in default
    raise TypeError(f'Object of type {o.__class__.__name__} '
                    f'is not JSON serializable')
TypeError: Object of type NaTType is not JSON serializable
when serializing dict item 'data'
when serializing list item 0
when serializing dict item 'records'
ERROR:    Exception in ASGI application
Traceback (most recent call last):
  File "C:\Projeto\Fazenda Morro Branco\Code\backend\venv\Lib\site-packages\uvicorn\protocols\http\h11_impl.py", line 415, in run_asgi
    result = await app(  # type: ignore[func-returns-value]
             ^^^^^^^^^^^^^^^^^^^^^^^^^^^^^^^^^^^^^^^^^^^^^^
        self.scope, self.receive, self.send
        ^^^^^^^^^^^^^^^^^^^^^^^^^^^^^^^^^^^
    )
    ^
  File "C:\Projeto\Fazenda Morro Branco\Code\backend\venv\Lib\site-packages\uvicorn\middleware\proxy_headers.py", line 56, in __call__
    return await self.app(scope, receive, send)
           ^^^^^^^^^^^^^^^^^^^^^^^^^^^^^^^^^^^^
  File "C:\Projeto\Fazenda Morro Branco\Code\backend\venv\Lib\site-packages\fastapi\applications.py", line 1159, in __call__
    await super().__call__(scope, receive, send)
  File "C:\Projeto\Fazenda Morro Branco\Code\backend\venv\Lib\site-packages\starlette\applications.py", line 90, in __call__
    await self.middleware_stack(scope, receive, send)
  File "C:\Projeto\Fazenda Morro Branco\Code\backend\venv\Lib\site-packages\starlette\middleware\errors.py", line 186, in __call__
    raise exc
  File "C:\Projeto\Fazenda Morro Branco\Code\backend\venv\Lib\site-packages\starlette\middleware\errors.py", line 164, in __call__
    await self.app(scope, receive, _send)
  File "C:\Projeto\Fazenda Morro Branco\Code\backend\venv\Lib\site-packages\starlette\middleware\cors.py", line 96, in __call__
    await self.simple_response(scope, receive, send, request_headers=headers)
  File "C:\Projeto\Fazenda Morro Branco\Code\backend\venv\Lib\site-packages\starlette\middleware\cors.py", line 154, in simple_response
    await self.app(scope, receive, send)
  File "C:\Projeto\Fazenda Morro Branco\Code\backend\venv\Lib\site-packages\starlette\middleware\exceptions.py", line 63, in __call__
    await wrap_app_handling_exceptions(self.app, conn)(scope, receive, send)
  File "C:\Projeto\Fazenda Morro Branco\Code\backend\venv\Lib\site-packages\starlette\_exception_handler.py", line 53, in wrapped_app
    raise exc
  File "C:\Projeto\Fazenda Morro Branco\Code\backend\venv\Lib\site-packages\starlette\_exception_handler.py", line 42, in wrapped_app
    await app(scope, receive, sender)
  File "C:\Projeto\Fazenda Morro Branco\Code\backend\venv\Lib\site-packages\fastapi\middleware\asyncexitstack.py", line 18, in __call__
    await self.app(scope, receive, send)
  File "C:\Projeto\Fazenda Morro Branco\Code\backend\venv\Lib\site-packages\starlette\routing.py", line 660, in __call__
    await self.middleware_stack(scope, receive, send)
  File "C:\Projeto\Fazenda Morro Branco\Code\backend\venv\Lib\site-packages\starlette\routing.py", line 680, in app
    await route.handle(scope, receive, send)
  File "C:\Projeto\Fazenda Morro Branco\Code\backend\venv\Lib\site-packages\starlette\routing.py", line 276, in handle
    await self.app(scope, receive, send)
  File "C:\Projeto\Fazenda Morro Branco\Code\backend\venv\Lib\site-packages\fastapi\routing.py", line 134, in app
    await wrap_app_handling_exceptions(app, request)(scope, receive, send)
  File "C:\Projeto\Fazenda Morro Branco\Code\backend\venv\Lib\site-packages\starlette\_exception_handler.py", line 53, in wrapped_app
    raise exc
  File "C:\Projeto\Fazenda Morro Branco\Code\backend\venv\Lib\site-packages\starlette\_exception_handler.py", line 42, in wrapped_app
    await app(scope, receive, sender)
  File "C:\Projeto\Fazenda Morro Branco\Code\backend\venv\Lib\site-packages\fastapi\routing.py", line 120, in app
    response = await f(request)
               ^^^^^^^^^^^^^^^^
  File "C:\Projeto\Fazenda Morro Branco\Code\backend\venv\Lib\site-packages\fastapi\routing.py", line 674, in app
    raw_response = await run_endpoint_function(
                   ^^^^^^^^^^^^^^^^^^^^^^^^^^^^
    ...<3 lines>...
    )
    ^
  File "C:\Projeto\Fazenda Morro Branco\Code\backend\venv\Lib\site-packages\fastapi\routing.py", line 330, in run_endpoint_function
    return await run_in_threadpool(dependant.call, **values)
           ^^^^^^^^^^^^^^^^^^^^^^^^^^^^^^^^^^^^^^^^^^^^^^^^^
  File "C:\Projeto\Fazenda Morro Branco\Code\backend\venv\Lib\site-packages\starlette\concurrency.py", line 32, in run_in_threadpool
    return await anyio.to_thread.run_sync(func)
           ^^^^^^^^^^^^^^^^^^^^^^^^^^^^^^^^^^^^
  File "C:\Projeto\Fazenda Morro Branco\Code\backend\venv\Lib\site-packages\anyio\to_thread.py", line 63, in run_sync
    return await get_async_backend().run_sync_in_worker_thread(
           ^^^^^^^^^^^^^^^^^^^^^^^^^^^^^^^^^^^^^^^^^^^^^^^^^^^^
        func, args, abandon_on_cancel=abandon_on_cancel, limiter=limiter
        ^^^^^^^^^^^^^^^^^^^^^^^^^^^^^^^^^^^^^^^^^^^^^^^^^^^^^^^^^^^^^^^^
    )
    ^
  File "C:\Projeto\Fazenda Morro Branco\Code\backend\venv\Lib\site-packages\anyio\_backends\_asyncio.py", line 2518, in run_sync_in_worker_thread
    return await future
           ^^^^^^^^^^^^
  File "C:\Projeto\Fazenda Morro Branco\Code\backend\venv\Lib\site-packages\anyio\_backends\_asyncio.py", line 1002, in run
    result = context.run(func, *args)
  File "C:\Projeto\Fazenda Morro Branco\Code\backend\main.py", line 619, in get_data
    return JSONResponse(content=_sanitize({
        "records":          records,
    ...<5 lines>...
        "editable_columns": editable,
    }))
  File "C:\Projeto\Fazenda Morro Branco\Code\backend\venv\Lib\site-packages\starlette\responses.py", line 192, in __init__
    super().__init__(content, status_code, headers, media_type, background)
    ~~~~~~~~~~~~~~~~^^^^^^^^^^^^^^^^^^^^^^^^^^^^^^^^^^^^^^^^^^^^^^^^^^^^^^^
  File "C:\Projeto\Fazenda Morro Branco\Code\backend\venv\Lib\site-packages\starlette\responses.py", line 45, in __init__
    self.body = self.render(content)
                ~~~~~~~~~~~^^^^^^^^^
  File "C:\Projeto\Fazenda Morro Branco\Code\backend\venv\Lib\site-packages\starlette\responses.py", line 195, in render
    return json.dumps(
           ~~~~~~~~~~^
        content,
        ^^^^^^^^
    ...<3 lines>...
        separators=(",", ":"),
        ^^^^^^^^^^^^^^^^^^^^^^
    ).encode("utf-8")
    ^
  File "C:\Users\Administrador\AppData\Local\Python\pythoncore-3.14-64\Lib\json\__init__.py", line 242, in dumps
    **kw).encode(obj)
          ~~~~~~^^^^^
  File "C:\Users\Administrador\AppData\Local\Python\pythoncore-3.14-64\Lib\json\encoder.py", line 202, in encode
    chunks = self.iterencode(o, _one_shot=True)
  File "C:\Users\Administrador\AppData\Local\Python\pythoncore-3.14-64\Lib\json\encoder.py", line 263, in iterencode
    return _iterencode(o, 0)
  File "C:\Users\Administrador\AppData\Local\Python\pythoncore-3.14-64\Lib\json\encoder.py", line 182, in default
    raise TypeError(f'Object of type {o.__class__.__name__} '
                    f'is not JSON serializable')
TypeError: Object of type NaTType is not JSON serializable
when serializing dict item 'data'
when serializing list item 0
when serializing dict item 'records'
ERROR:    Exception in ASGI application
Traceback (most recent call last):
  File "C:\Projeto\Fazenda Morro Branco\Code\backend\venv\Lib\site-packages\uvicorn\protocols\http\h11_impl.py", line 415, in run_asgi
    result = await app(  # type: ignore[func-returns-value]
             ^^^^^^^^^^^^^^^^^^^^^^^^^^^^^^^^^^^^^^^^^^^^^^
        self.scope, self.receive, self.send
        ^^^^^^^^^^^^^^^^^^^^^^^^^^^^^^^^^^^
    )
    ^
  File "C:\Projeto\Fazenda Morro Branco\Code\backend\venv\Lib\site-packages\uvicorn\middleware\proxy_headers.py", line 56, in __call__
    return await self.app(scope, receive, send)
           ^^^^^^^^^^^^^^^^^^^^^^^^^^^^^^^^^^^^
  File "C:\Projeto\Fazenda Morro Branco\Code\backend\venv\Lib\site-packages\fastapi\applications.py", line 1159, in __call__
    await super().__call__(scope, receive, send)
  File "C:\Projeto\Fazenda Morro Branco\Code\backend\venv\Lib\site-packages\starlette\applications.py", line 90, in __call__
    await self.middleware_stack(scope, receive, send)
  File "C:\Projeto\Fazenda Morro Branco\Code\backend\venv\Lib\site-packages\starlette\middleware\errors.py", line 186, in __call__
    raise exc
  File "C:\Projeto\Fazenda Morro Branco\Code\backend\venv\Lib\site-packages\starlette\middleware\errors.py", line 164, in __call__
    await self.app(scope, receive, _send)
  File "C:\Projeto\Fazenda Morro Branco\Code\backend\venv\Lib\site-packages\starlette\middleware\cors.py", line 96, in __call__
    await self.simple_response(scope, receive, send, request_headers=headers)
  File "C:\Projeto\Fazenda Morro Branco\Code\backend\venv\Lib\site-packages\starlette\middleware\cors.py", line 154, in simple_response
    await self.app(scope, receive, send)
  File "C:\Projeto\Fazenda Morro Branco\Code\backend\venv\Lib\site-packages\starlette\middleware\exceptions.py", line 63, in __call__
    await wrap_app_handling_exceptions(self.app, conn)(scope, receive, send)
  File "C:\Projeto\Fazenda Morro Branco\Code\backend\venv\Lib\site-packages\starlette\_exception_handler.py", line 53, in wrapped_app
    raise exc
  File "C:\Projeto\Fazenda Morro Branco\Code\backend\venv\Lib\site-packages\starlette\_exception_handler.py", line 42, in wrapped_app
    await app(scope, receive, sender)
  File "C:\Projeto\Fazenda Morro Branco\Code\backend\venv\Lib\site-packages\fastapi\middleware\asyncexitstack.py", line 18, in __call__
    await self.app(scope, receive, send)
  File "C:\Projeto\Fazenda Morro Branco\Code\backend\venv\Lib\site-packages\starlette\routing.py", line 660, in __call__
    await self.middleware_stack(scope, receive, send)
  File "C:\Projeto\Fazenda Morro Branco\Code\backend\venv\Lib\site-packages\starlette\routing.py", line 680, in app
    await route.handle(scope, receive, send)
  File "C:\Projeto\Fazenda Morro Branco\Code\backend\venv\Lib\site-packages\starlette\routing.py", line 276, in handle
    await self.app(scope, receive, send)
  File "C:\Projeto\Fazenda Morro Branco\Code\backend\venv\Lib\site-packages\fastapi\routing.py", line 134, in app
    await wrap_app_handling_exceptions(app, request)(scope, receive, send)
  File "C:\Projeto\Fazenda Morro Branco\Code\backend\venv\Lib\site-packages\starlette\_exception_handler.py", line 53, in wrapped_app
    raise exc
  File "C:\Projeto\Fazenda Morro Branco\Code\backend\venv\Lib\site-packages\starlette\_exception_handler.py", line 42, in wrapped_app
    await app(scope, receive, sender)
  File "C:\Projeto\Fazenda Morro Branco\Code\backend\venv\Lib\site-packages\fastapi\routing.py", line 120, in app
    response = await f(request)
               ^^^^^^^^^^^^^^^^
  File "C:\Projeto\Fazenda Morro Branco\Code\backend\venv\Lib\site-packages\fastapi\routing.py", line 674, in app
    raw_response = await run_endpoint_function(
                   ^^^^^^^^^^^^^^^^^^^^^^^^^^^^
    ...<3 lines>...
    )
    ^
  File "C:\Projeto\Fazenda Morro Branco\Code\backend\venv\Lib\site-packages\fastapi\routing.py", line 330, in run_endpoint_function
    return await run_in_threadpool(dependant.call, **values)
           ^^^^^^^^^^^^^^^^^^^^^^^^^^^^^^^^^^^^^^^^^^^^^^^^^
  File "C:\Projeto\Fazenda Morro Branco\Code\backend\venv\Lib\site-packages\starlette\concurrency.py", line 32, in run_in_threadpool
    return await anyio.to_thread.run_sync(func)
           ^^^^^^^^^^^^^^^^^^^^^^^^^^^^^^^^^^^^
  File "C:\Projeto\Fazenda Morro Branco\Code\backend\venv\Lib\site-packages\anyio\to_thread.py", line 63, in run_sync
    return await get_async_backend().run_sync_in_worker_thread(
           ^^^^^^^^^^^^^^^^^^^^^^^^^^^^^^^^^^^^^^^^^^^^^^^^^^^^
        func, args, abandon_on_cancel=abandon_on_cancel, limiter=limiter
        ^^^^^^^^^^^^^^^^^^^^^^^^^^^^^^^^^^^^^^^^^^^^^^^^^^^^^^^^^^^^^^^^
    )
    ^
  File "C:\Projeto\Fazenda Morro Branco\Code\backend\venv\Lib\site-packages\anyio\_backends\_asyncio.py", line 2518, in run_sync_in_worker_thread
    return await future
           ^^^^^^^^^^^^
  File "C:\Projeto\Fazenda Morro Branco\Code\backend\venv\Lib\site-packages\anyio\_backends\_asyncio.py", line 1002, in run
    result = context.run(func, *args)
  File "C:\Projeto\Fazenda Morro Branco\Code\backend\main.py", line 619, in get_data
    return JSONResponse(content=_sanitize({
        "records":          records,
    ...<5 lines>...
        "editable_columns": editable,
    }))
  File "C:\Projeto\Fazenda Morro Branco\Code\backend\venv\Lib\site-packages\starlette\responses.py", line 192, in __init__
    super().__init__(content, status_code, headers, media_type, background)
    ~~~~~~~~~~~~~~~~^^^^^^^^^^^^^^^^^^^^^^^^^^^^^^^^^^^^^^^^^^^^^^^^^^^^^^^
  File "C:\Projeto\Fazenda Morro Branco\Code\backend\venv\Lib\site-packages\starlette\responses.py", line 45, in __init__
    self.body = self.render(content)
                ~~~~~~~~~~~^^^^^^^^^
  File "C:\Projeto\Fazenda Morro Branco\Code\backend\venv\Lib\site-packages\starlette\responses.py", line 195, in render
    return json.dumps(
           ~~~~~~~~~~^
        content,
        ^^^^^^^^
    ...<3 lines>...
        separators=(",", ":"),
        ^^^^^^^^^^^^^^^^^^^^^^
    ).encode("utf-8")
    ^
  File "C:\Users\Administrador\AppData\Local\Python\pythoncore-3.14-64\Lib\json\__init__.py", line 242, in dumps
    **kw).encode(obj)
          ~~~~~~^^^^^
  File "C:\Users\Administrador\AppData\Local\Python\pythoncore-3.14-64\Lib\json\encoder.py", line 202, in encode
    chunks = self.iterencode(o, _one_shot=True)
  File "C:\Users\Administrador\AppData\Local\Python\pythoncore-3.14-64\Lib\json\encoder.py", line 263, in iterencode
    return _iterencode(o, 0)
  File "C:\Users\Administrador\AppData\Local\Python\pythoncore-3.14-64\Lib\json\encoder.py", line 182, in default
    raise TypeError(f'Object of type {o.__class__.__name__} '
                    f'is not JSON serializable')
TypeError: Object of type NaTType is not JSON serializable
when serializing dict item 'data'
when serializing list item 0
when serializing dict item 'records'
ERROR:    Exception in ASGI application
Traceback (most recent call last):
  File "C:\Projeto\Fazenda Morro Branco\Code\backend\venv\Lib\site-packages\uvicorn\protocols\http\h11_impl.py", line 415, in run_asgi
    result = await app(  # type: ignore[func-returns-value]
             ^^^^^^^^^^^^^^^^^^^^^^^^^^^^^^^^^^^^^^^^^^^^^^
        self.scope, self.receive, self.send
        ^^^^^^^^^^^^^^^^^^^^^^^^^^^^^^^^^^^
    )
    ^
  File "C:\Projeto\Fazenda Morro Branco\Code\backend\venv\Lib\site-packages\uvicorn\middleware\proxy_headers.py", line 56, in __call__
    return await self.app(scope, receive, send)
           ^^^^^^^^^^^^^^^^^^^^^^^^^^^^^^^^^^^^
  File "C:\Projeto\Fazenda Morro Branco\Code\backend\venv\Lib\site-packages\fastapi\applications.py", line 1159, in __call__
    await super().__call__(scope, receive, send)
  File "C:\Projeto\Fazenda Morro Branco\Code\backend\venv\Lib\site-packages\starlette\applications.py", line 90, in __call__
    await self.middleware_stack(scope, receive, send)
  File "C:\Projeto\Fazenda Morro Branco\Code\backend\venv\Lib\site-packages\starlette\middleware\errors.py", line 186, in __call__
    raise exc
  File "C:\Projeto\Fazenda Morro Branco\Code\backend\venv\Lib\site-packages\starlette\middleware\errors.py", line 164, in __call__
    await self.app(scope, receive, _send)
  File "C:\Projeto\Fazenda Morro Branco\Code\backend\venv\Lib\site-packages\starlette\middleware\cors.py", line 96, in __call__
    await self.simple_response(scope, receive, send, request_headers=headers)
  File "C:\Projeto\Fazenda Morro Branco\Code\backend\venv\Lib\site-packages\starlette\middleware\cors.py", line 154, in simple_response
    await self.app(scope, receive, send)
  File "C:\Projeto\Fazenda Morro Branco\Code\backend\venv\Lib\site-packages\starlette\middleware\exceptions.py", line 63, in __call__
    await wrap_app_handling_exceptions(self.app, conn)(scope, receive, send)
  File "C:\Projeto\Fazenda Morro Branco\Code\backend\venv\Lib\site-packages\starlette\_exception_handler.py", line 53, in wrapped_app
    raise exc
  File "C:\Projeto\Fazenda Morro Branco\Code\backend\venv\Lib\site-packages\starlette\_exception_handler.py", line 42, in wrapped_app
    await app(scope, receive, sender)
  File "C:\Projeto\Fazenda Morro Branco\Code\backend\venv\Lib\site-packages\fastapi\middleware\asyncexitstack.py", line 18, in __call__
    await self.app(scope, receive, send)
  File "C:\Projeto\Fazenda Morro Branco\Code\backend\venv\Lib\site-packages\starlette\routing.py", line 660, in __call__
    await self.middleware_stack(scope, receive, send)
  File "C:\Projeto\Fazenda Morro Branco\Code\backend\venv\Lib\site-packages\starlette\routing.py", line 680, in app
    await route.handle(scope, receive, send)
  File "C:\Projeto\Fazenda Morro Branco\Code\backend\venv\Lib\site-packages\starlette\routing.py", line 276, in handle
    await self.app(scope, receive, send)
  File "C:\Projeto\Fazenda Morro Branco\Code\backend\venv\Lib\site-packages\fastapi\routing.py", line 134, in app
    await wrap_app_handling_exceptions(app, request)(scope, receive, send)
  File "C:\Projeto\Fazenda Morro Branco\Code\backend\venv\Lib\site-packages\starlette\_exception_handler.py", line 53, in wrapped_app
    raise exc
  File "C:\Projeto\Fazenda Morro Branco\Code\backend\venv\Lib\site-packages\starlette\_exception_handler.py", line 42, in wrapped_app
    await app(scope, receive, sender)
  File "C:\Projeto\Fazenda Morro Branco\Code\backend\venv\Lib\site-packages\fastapi\routing.py", line 120, in app
    response = await f(request)
               ^^^^^^^^^^^^^^^^
  File "C:\Projeto\Fazenda Morro Branco\Code\backend\venv\Lib\site-packages\fastapi\routing.py", line 674, in app
    raw_response = await run_endpoint_function(
                   ^^^^^^^^^^^^^^^^^^^^^^^^^^^^
    ...<3 lines>...
    )
    ^
  File "C:\Projeto\Fazenda Morro Branco\Code\backend\venv\Lib\site-packages\fastapi\routing.py", line 330, in run_endpoint_function
    return await run_in_threadpool(dependant.call, **values)
           ^^^^^^^^^^^^^^^^^^^^^^^^^^^^^^^^^^^^^^^^^^^^^^^^^
  File "C:\Projeto\Fazenda Morro Branco\Code\backend\venv\Lib\site-packages\starlette\concurrency.py", line 32, in run_in_threadpool
    return await anyio.to_thread.run_sync(func)
           ^^^^^^^^^^^^^^^^^^^^^^^^^^^^^^^^^^^^
  File "C:\Projeto\Fazenda Morro Branco\Code\backend\venv\Lib\site-packages\anyio\to_thread.py", line 63, in run_sync
    return await get_async_backend().run_sync_in_worker_thread(
           ^^^^^^^^^^^^^^^^^^^^^^^^^^^^^^^^^^^^^^^^^^^^^^^^^^^^
        func, args, abandon_on_cancel=abandon_on_cancel, limiter=limiter
        ^^^^^^^^^^^^^^^^^^^^^^^^^^^^^^^^^^^^^^^^^^^^^^^^^^^^^^^^^^^^^^^^
    )
    ^
  File "C:\Projeto\Fazenda Morro Branco\Code\backend\venv\Lib\site-packages\anyio\_backends\_asyncio.py", line 2518, in run_sync_in_worker_thread
    return await future
           ^^^^^^^^^^^^
  File "C:\Projeto\Fazenda Morro Branco\Code\backend\venv\Lib\site-packages\anyio\_backends\_asyncio.py", line 1002, in run
    result = context.run(func, *args)
  File "C:\Projeto\Fazenda Morro Branco\Code\backend\main.py", line 619, in get_data
    return JSONResponse(content=_sanitize({
        "records":          records,
    ...<5 lines>...
        "editable_columns": editable,
    }))
  File "C:\Projeto\Fazenda Morro Branco\Code\backend\venv\Lib\site-packages\starlette\responses.py", line 192, in __init__
    super().__init__(content, status_code, headers, media_type, background)
    ~~~~~~~~~~~~~~~~^^^^^^^^^^^^^^^^^^^^^^^^^^^^^^^^^^^^^^^^^^^^^^^^^^^^^^^
  File "C:\Projeto\Fazenda Morro Branco\Code\backend\venv\Lib\site-packages\starlette\responses.py", line 45, in __init__
    self.body = self.render(content)
                ~~~~~~~~~~~^^^^^^^^^
  File "C:\Projeto\Fazenda Morro Branco\Code\backend\venv\Lib\site-packages\starlette\responses.py", line 195, in render
    return json.dumps(
           ~~~~~~~~~~^
        content,
        ^^^^^^^^
    ...<3 lines>...
        separators=(",", ":"),
        ^^^^^^^^^^^^^^^^^^^^^^
    ).encode("utf-8")
    ^
  File "C:\Users\Administrador\AppData\Local\Python\pythoncore-3.14-64\Lib\json\__init__.py", line 242, in dumps
    **kw).encode(obj)
          ~~~~~~^^^^^
  File "C:\Users\Administrador\AppData\Local\Python\pythoncore-3.14-64\Lib\json\encoder.py", line 202, in encode
    chunks = self.iterencode(o, _one_shot=True)
  File "C:\Users\Administrador\AppData\Local\Python\pythoncore-3.14-64\Lib\json\encoder.py", line 263, in iterencode
    return _iterencode(o, 0)
  File "C:\Users\Administrador\AppData\Local\Python\pythoncore-3.14-64\Lib\json\encoder.py", line 182, in default
    raise TypeError(f'Object of type {o.__class__.__name__} '
                    f'is not JSON serializable')
TypeError: Object of type NaTType is not JSON serializable
when serializing dict item 'data'
when serializing list item 0
when serializing dict item 'records'
ERROR:    Exception in ASGI application
Traceback (most recent call last):
  File "C:\Projeto\Fazenda Morro Branco\Code\backend\venv\Lib\site-packages\uvicorn\protocols\http\h11_impl.py", line 415, in run_asgi
    result = await app(  # type: ignore[func-returns-value]
             ^^^^^^^^^^^^^^^^^^^^^^^^^^^^^^^^^^^^^^^^^^^^^^
        self.scope, self.receive, self.send
        ^^^^^^^^^^^^^^^^^^^^^^^^^^^^^^^^^^^
    )
    ^
  File "C:\Projeto\Fazenda Morro Branco\Code\backend\venv\Lib\site-packages\uvicorn\middleware\proxy_headers.py", line 56, in __call__
    return await self.app(scope, receive, send)
           ^^^^^^^^^^^^^^^^^^^^^^^^^^^^^^^^^^^^
  File "C:\Projeto\Fazenda Morro Branco\Code\backend\venv\Lib\site-packages\fastapi\applications.py", line 1159, in __call__
    await super().__call__(scope, receive, send)
  File "C:\Projeto\Fazenda Morro Branco\Code\backend\venv\Lib\site-packages\starlette\applications.py", line 90, in __call__
    await self.middleware_stack(scope, receive, send)
  File "C:\Projeto\Fazenda Morro Branco\Code\backend\venv\Lib\site-packages\starlette\middleware\errors.py", line 186, in __call__
    raise exc
  File "C:\Projeto\Fazenda Morro Branco\Code\backend\venv\Lib\site-packages\starlette\middleware\errors.py", line 164, in __call__
    await self.app(scope, receive, _send)
  File "C:\Projeto\Fazenda Morro Branco\Code\backend\venv\Lib\site-packages\starlette\middleware\cors.py", line 96, in __call__
    await self.simple_response(scope, receive, send, request_headers=headers)
  File "C:\Projeto\Fazenda Morro Branco\Code\backend\venv\Lib\site-packages\starlette\middleware\cors.py", line 154, in simple_response
    await self.app(scope, receive, send)
  File "C:\Projeto\Fazenda Morro Branco\Code\backend\venv\Lib\site-packages\starlette\middleware\exceptions.py", line 63, in __call__
    await wrap_app_handling_exceptions(self.app, conn)(scope, receive, send)
  File "C:\Projeto\Fazenda Morro Branco\Code\backend\venv\Lib\site-packages\starlette\_exception_handler.py", line 53, in wrapped_app
    raise exc
  File "C:\Projeto\Fazenda Morro Branco\Code\backend\venv\Lib\site-packages\starlette\_exception_handler.py", line 42, in wrapped_app
    await app(scope, receive, sender)
  File "C:\Projeto\Fazenda Morro Branco\Code\backend\venv\Lib\site-packages\fastapi\middleware\asyncexitstack.py", line 18, in __call__
    await self.app(scope, receive, send)
  File "C:\Projeto\Fazenda Morro Branco\Code\backend\venv\Lib\site-packages\starlette\routing.py", line 660, in __call__
    await self.middleware_stack(scope, receive, send)
  File "C:\Projeto\Fazenda Morro Branco\Code\backend\venv\Lib\site-packages\starlette\routing.py", line 680, in app
    await route.handle(scope, receive, send)
  File "C:\Projeto\Fazenda Morro Branco\Code\backend\venv\Lib\site-packages\starlette\routing.py", line 276, in handle
    await self.app(scope, receive, send)
  File "C:\Projeto\Fazenda Morro Branco\Code\backend\venv\Lib\site-packages\fastapi\routing.py", line 134, in app
    await wrap_app_handling_exceptions(app, request)(scope, receive, send)
  File "C:\Projeto\Fazenda Morro Branco\Code\backend\venv\Lib\site-packages\starlette\_exception_handler.py", line 53, in wrapped_app
    raise exc
  File "C:\Projeto\Fazenda Morro Branco\Code\backend\venv\Lib\site-packages\starlette\_exception_handler.py", line 42, in wrapped_app
    await app(scope, receive, sender)
  File "C:\Projeto\Fazenda Morro Branco\Code\backend\venv\Lib\site-packages\fastapi\routing.py", line 120, in app
    response = await f(request)
               ^^^^^^^^^^^^^^^^
  File "C:\Projeto\Fazenda Morro Branco\Code\backend\venv\Lib\site-packages\fastapi\routing.py", line 674, in app
    raw_response = await run_endpoint_function(
                   ^^^^^^^^^^^^^^^^^^^^^^^^^^^^
    ...<3 lines>...
    )
    ^
  File "C:\Projeto\Fazenda Morro Branco\Code\backend\venv\Lib\site-packages\fastapi\routing.py", line 330, in run_endpoint_function
    return await run_in_threadpool(dependant.call, **values)
           ^^^^^^^^^^^^^^^^^^^^^^^^^^^^^^^^^^^^^^^^^^^^^^^^^
  File "C:\Projeto\Fazenda Morro Branco\Code\backend\venv\Lib\site-packages\starlette\concurrency.py", line 32, in run_in_threadpool
    return await anyio.to_thread.run_sync(func)
           ^^^^^^^^^^^^^^^^^^^^^^^^^^^^^^^^^^^^
  File "C:\Projeto\Fazenda Morro Branco\Code\backend\venv\Lib\site-packages\anyio\to_thread.py", line 63, in run_sync
    return await get_async_backend().run_sync_in_worker_thread(
           ^^^^^^^^^^^^^^^^^^^^^^^^^^^^^^^^^^^^^^^^^^^^^^^^^^^^
        func, args, abandon_on_cancel=abandon_on_cancel, limiter=limiter
        ^^^^^^^^^^^^^^^^^^^^^^^^^^^^^^^^^^^^^^^^^^^^^^^^^^^^^^^^^^^^^^^^
    )
    ^
  File "C:\Projeto\Fazenda Morro Branco\Code\backend\venv\Lib\site-packages\anyio\_backends\_asyncio.py", line 2518, in run_sync_in_worker_thread
    return await future
           ^^^^^^^^^^^^
  File "C:\Projeto\Fazenda Morro Branco\Code\backend\venv\Lib\site-packages\anyio\_backends\_asyncio.py", line 1002, in run
    result = context.run(func, *args)
  File "C:\Projeto\Fazenda Morro Branco\Code\backend\main.py", line 619, in get_data
    return JSONResponse(content=_sanitize({
        "records":          records,
    ...<5 lines>...
        "editable_columns": editable,
    }))
  File "C:\Projeto\Fazenda Morro Branco\Code\backend\venv\Lib\site-packages\starlette\responses.py", line 192, in __init__
    super().__init__(content, status_code, headers, media_type, background)
    ~~~~~~~~~~~~~~~~^^^^^^^^^^^^^^^^^^^^^^^^^^^^^^^^^^^^^^^^^^^^^^^^^^^^^^^
  File "C:\Projeto\Fazenda Morro Branco\Code\backend\venv\Lib\site-packages\starlette\responses.py", line 45, in __init__
    self.body = self.render(content)
                ~~~~~~~~~~~^^^^^^^^^
  File "C:\Projeto\Fazenda Morro Branco\Code\backend\venv\Lib\site-packages\starlette\responses.py", line 195, in render
    return json.dumps(
           ~~~~~~~~~~^
        content,
        ^^^^^^^^
    ...<3 lines>...
        separators=(",", ":"),
        ^^^^^^^^^^^^^^^^^^^^^^
    ).encode("utf-8")
    ^
  File "C:\Users\Administrador\AppData\Local\Python\pythoncore-3.14-64\Lib\json\__init__.py", line 242, in dumps
    **kw).encode(obj)
          ~~~~~~^^^^^
  File "C:\Users\Administrador\AppData\Local\Python\pythoncore-3.14-64\Lib\json\encoder.py", line 202, in encode
    chunks = self.iterencode(o, _one_shot=True)
  File "C:\Users\Administrador\AppData\Local\Python\pythoncore-3.14-64\Lib\json\encoder.py", line 263, in iterencode
    return _iterencode(o, 0)
  File "C:\Users\Administrador\AppData\Local\Python\pythoncore-3.14-64\Lib\json\encoder.py", line 182, in default
    raise TypeError(f'Object of type {o.__class__.__name__} '
                    f'is not JSON serializable')
TypeError: Object of type NaTType is not JSON serializable
when serializing dict item 'data'
when serializing list item 0
when serializing dict item 'records'
WARNING:  StatReload detected changes in 'services\excel_reader.py'. Reloading...
INFO:     Shutting down
INFO:     Waiting for application shutdown.
INFO:     Application shutdown complete.
INFO:     Finished server process [22648]
INFO:     Started server process [6040]
INFO:     Waiting for application startup.
INFO:     Application startup complete.
WARNING:  StatReload detected changes in 'services\data_cleaner.py'. Reloading...
INFO:     Shutting down
INFO:     Waiting for connections to close. (CTRL+C to force quit)
INFO:     Waiting for application shutdown.
INFO:     Application shutdown complete.
INFO:     Finished server process [6040]
INFO:     Started server process [12264]
INFO:     Waiting for application startup.
INFO:     Application startup complete.
ERROR:    Exception in ASGI application
Traceback (most recent call last):
  File "C:\Projeto\Fazenda Morro Branco\Code\backend\venv\Lib\site-packages\pandas\core\frame.py", line 4911, in _set_value
    self._mgr.column_setitem(icol, iindex, value, inplace_only=True)
    ~~~~~~~~~~~~~~~~~~~~~~~~^^^^^^^^^^^^^^^^^^^^^^^^^^^^^^^^^^^^^^^^
  File "C:\Projeto\Fazenda Morro Branco\Code\backend\venv\Lib\site-packages\pandas\core\internals\managers.py", line 1518, in column_setitem
    col_mgr.setitem_inplace(idx, value)
    ~~~~~~~~~~~~~~~~~~~~~~~^^^^^^^^^^^^
  File "C:\Projeto\Fazenda Morro Branco\Code\backend\venv\Lib\site-packages\pandas\core\internals\managers.py", line 2220, in setitem_inplace
    value = np_can_hold_element(arr.dtype, value)
  File "C:\Projeto\Fazenda Morro Branco\Code\backend\venv\Lib\site-packages\pandas\core\dtypes\cast.py", line 1750, in np_can_hold_element
    raise LossySetitemError
pandas.errors.LossySetitemError

During handling of the above exception, another exception occurred:

Traceback (most recent call last):
  File "C:\Projeto\Fazenda Morro Branco\Code\backend\venv\Lib\site-packages\pandas\core\internals\blocks.py", line 1115, in setitem
    casted = np_can_hold_element(values.dtype, value)
  File "C:\Projeto\Fazenda Morro Branco\Code\backend\venv\Lib\site-packages\pandas\core\dtypes\cast.py", line 1750, in np_can_hold_element
    raise LossySetitemError
pandas.errors.LossySetitemError

During handling of the above exception, another exception occurred:

Traceback (most recent call last):
  File "C:\Projeto\Fazenda Morro Branco\Code\backend\venv\Lib\site-packages\uvicorn\protocols\http\h11_impl.py", line 415, in run_asgi
    result = await app(  # type: ignore[func-returns-value]
             ^^^^^^^^^^^^^^^^^^^^^^^^^^^^^^^^^^^^^^^^^^^^^^
        self.scope, self.receive, self.send
        ^^^^^^^^^^^^^^^^^^^^^^^^^^^^^^^^^^^
    )
    ^
  File "C:\Projeto\Fazenda Morro Branco\Code\backend\venv\Lib\site-packages\uvicorn\middleware\proxy_headers.py", line 56, in __call__
    return await self.app(scope, receive, send)
           ^^^^^^^^^^^^^^^^^^^^^^^^^^^^^^^^^^^^
  File "C:\Projeto\Fazenda Morro Branco\Code\backend\venv\Lib\site-packages\fastapi\applications.py", line 1159, in __call__
    await super().__call__(scope, receive, send)
  File "C:\Projeto\Fazenda Morro Branco\Code\backend\venv\Lib\site-packages\starlette\applications.py", line 90, in __call__
    await self.middleware_stack(scope, receive, send)
  File "C:\Projeto\Fazenda Morro Branco\Code\backend\venv\Lib\site-packages\starlette\middleware\errors.py", line 186, in __call__
    raise exc
  File "C:\Projeto\Fazenda Morro Branco\Code\backend\venv\Lib\site-packages\starlette\middleware\errors.py", line 164, in __call__
    await self.app(scope, receive, _send)
  File "C:\Projeto\Fazenda Morro Branco\Code\backend\venv\Lib\site-packages\starlette\middleware\cors.py", line 96, in __call__
    await self.simple_response(scope, receive, send, request_headers=headers)
  File "C:\Projeto\Fazenda Morro Branco\Code\backend\venv\Lib\site-packages\starlette\middleware\cors.py", line 154, in simple_response
    await self.app(scope, receive, send)
  File "C:\Projeto\Fazenda Morro Branco\Code\backend\venv\Lib\site-packages\starlette\middleware\exceptions.py", line 63, in __call__
    await wrap_app_handling_exceptions(self.app, conn)(scope, receive, send)
  File "C:\Projeto\Fazenda Morro Branco\Code\backend\venv\Lib\site-packages\starlette\_exception_handler.py", line 53, in wrapped_app
    raise exc
  File "C:\Projeto\Fazenda Morro Branco\Code\backend\venv\Lib\site-packages\starlette\_exception_handler.py", line 42, in wrapped_app
    await app(scope, receive, sender)
  File "C:\Projeto\Fazenda Morro Branco\Code\backend\venv\Lib\site-packages\fastapi\middleware\asyncexitstack.py", line 18, in __call__
    await self.app(scope, receive, send)
  File "C:\Projeto\Fazenda Morro Branco\Code\backend\venv\Lib\site-packages\starlette\routing.py", line 660, in __call__
    await self.middleware_stack(scope, receive, send)
  File "C:\Projeto\Fazenda Morro Branco\Code\backend\venv\Lib\site-packages\starlette\routing.py", line 680, in app
    await route.handle(scope, receive, send)
  File "C:\Projeto\Fazenda Morro Branco\Code\backend\venv\Lib\site-packages\starlette\routing.py", line 276, in handle
    await self.app(scope, receive, send)
  File "C:\Projeto\Fazenda Morro Branco\Code\backend\venv\Lib\site-packages\fastapi\routing.py", line 134, in app
    await wrap_app_handling_exceptions(app, request)(scope, receive, send)
  File "C:\Projeto\Fazenda Morro Branco\Code\backend\venv\Lib\site-packages\starlette\_exception_handler.py", line 53, in wrapped_app
    raise exc
  File "C:\Projeto\Fazenda Morro Branco\Code\backend\venv\Lib\site-packages\starlette\_exception_handler.py", line 42, in wrapped_app
    await app(scope, receive, sender)
  File "C:\Projeto\Fazenda Morro Branco\Code\backend\venv\Lib\site-packages\fastapi\routing.py", line 120, in app
    response = await f(request)
               ^^^^^^^^^^^^^^^^
  File "C:\Projeto\Fazenda Morro Branco\Code\backend\venv\Lib\site-packages\fastapi\routing.py", line 674, in app
    raw_response = await run_endpoint_function(
                   ^^^^^^^^^^^^^^^^^^^^^^^^^^^^
    ...<3 lines>...
    )
    ^
  File "C:\Projeto\Fazenda Morro Branco\Code\backend\venv\Lib\site-packages\fastapi\routing.py", line 330, in run_endpoint_function
    return await run_in_threadpool(dependant.call, **values)
           ^^^^^^^^^^^^^^^^^^^^^^^^^^^^^^^^^^^^^^^^^^^^^^^^^
  File "C:\Projeto\Fazenda Morro Branco\Code\backend\venv\Lib\site-packages\starlette\concurrency.py", line 32, in run_in_threadpool
    return await anyio.to_thread.run_sync(func)
           ^^^^^^^^^^^^^^^^^^^^^^^^^^^^^^^^^^^^
  File "C:\Projeto\Fazenda Morro Branco\Code\backend\venv\Lib\site-packages\anyio\to_thread.py", line 63, in run_sync
    return await get_async_backend().run_sync_in_worker_thread(
           ^^^^^^^^^^^^^^^^^^^^^^^^^^^^^^^^^^^^^^^^^^^^^^^^^^^^
        func, args, abandon_on_cancel=abandon_on_cancel, limiter=limiter
        ^^^^^^^^^^^^^^^^^^^^^^^^^^^^^^^^^^^^^^^^^^^^^^^^^^^^^^^^^^^^^^^^
    )
    ^
  File "C:\Projeto\Fazenda Morro Branco\Code\backend\venv\Lib\site-packages\anyio\_backends\_asyncio.py", line 2518, in run_sync_in_worker_thread
    return await future
           ^^^^^^^^^^^^
  File "C:\Projeto\Fazenda Morro Branco\Code\backend\venv\Lib\site-packages\anyio\_backends\_asyncio.py", line 1002, in run
    result = context.run(func, *args)
  File "C:\Projeto\Fazenda Morro Branco\Code\backend\main.py", line 712, in update_record
    updated = store.update_record(registro_id, updates)
  File "C:\Projeto\Fazenda Morro Branco\Code\backend\services\record_store.py", line 110, in update_record
    self._df.at[idx, campo] = novo_valor
    ~~~~~~~~~~~^^^^^^^^^^^^
  File "C:\Projeto\Fazenda Morro Branco\Code\backend\venv\Lib\site-packages\pandas\core\indexing.py", line 2592, in __setitem__
    return super().__setitem__(key, value)
           ~~~~~~~~~~~~~~~~~~~^^^^^^^^^^^^
  File "C:\Projeto\Fazenda Morro Branco\Code\backend\venv\Lib\site-packages\pandas\core\indexing.py", line 2542, in __setitem__
    self.obj._set_value(*key, value=value, takeable=self._takeable)
    ~~~~~~~~~~~~~~~~~~~^^^^^^^^^^^^^^^^^^^^^^^^^^^^^^^^^^^^^^^^^^^^
  File "C:\Projeto\Fazenda Morro Branco\Code\backend\venv\Lib\site-packages\pandas\core\frame.py", line 4922, in _set_value
    self.loc[index, col] = value
    ~~~~~~~~^^^^^^^^^^^^
  File "C:\Projeto\Fazenda Morro Branco\Code\backend\venv\Lib\site-packages\pandas\core\indexing.py", line 938, in __setitem__
    iloc._setitem_with_indexer(indexer, value, self.name)
    ~~~~~~~~~~~~~~~~~~~~~~~~~~^^^^^^^^^^^^^^^^^^^^^^^^^^^
  File "C:\Projeto\Fazenda Morro Branco\Code\backend\venv\Lib\site-packages\pandas\core\indexing.py", line 1953, in _setitem_with_indexer
    self._setitem_with_indexer_split_path(indexer, value, name)
    ~~~~~~~~~~~~~~~~~~~~~~~~~~~~~~~~~~~~~^^^^^^^^^^^^^^^^^^^^^^
  File "C:\Projeto\Fazenda Morro Branco\Code\backend\venv\Lib\site-packages\pandas\core\indexing.py", line 2044, in _setitem_with_indexer_split_path
    self._setitem_single_column(loc, value, pi)
    ~~~~~~~~~~~~~~~~~~~~~~~~~~~^^^^^^^^^^^^^^^^
  File "C:\Projeto\Fazenda Morro Branco\Code\backend\venv\Lib\site-packages\pandas\core\indexing.py", line 2181, in _setitem_single_column
    self.obj._mgr.column_setitem(loc, plane_indexer, value)
    ~~~~~~~~~~~~~~~~~~~~~~~~~~~~^^^^^^^^^^^^^^^^^^^^^^^^^^^
  File "C:\Projeto\Fazenda Morro Branco\Code\backend\venv\Lib\site-packages\pandas\core\internals\managers.py", line 1520, in column_setitem
    new_mgr = col_mgr.setitem((idx,), value)
  File "C:\Projeto\Fazenda Morro Branco\Code\backend\venv\Lib\site-packages\pandas\core\internals\managers.py", line 604, in setitem
    return self.apply("setitem", indexer=indexer, value=value)
           ~~~~~~~~~~^^^^^^^^^^^^^^^^^^^^^^^^^^^^^^^^^^^^^^^^^
  File "C:\Projeto\Fazenda Morro Branco\Code\backend\venv\Lib\site-packages\pandas\core\internals\managers.py", line 442, in apply
    applied = getattr(b, f)(**kwargs)
  File "C:\Projeto\Fazenda Morro Branco\Code\backend\venv\Lib\site-packages\pandas\core\internals\blocks.py", line 1118, in setitem
    nb = self.coerce_to_target_dtype(value, raise_on_upcast=True)
  File "C:\Projeto\Fazenda Morro Branco\Code\backend\venv\Lib\site-packages\pandas\core\internals\blocks.py", line 468, in coerce_to_target_dtype
    raise TypeError(f"Invalid value '{other}' for dtype '{self.values.dtype}'")
TypeError: Invalid value '441.49' for dtype 'int64'
ERROR:    Exception in ASGI application
Traceback (most recent call last):
  File "C:\Projeto\Fazenda Morro Branco\Code\backend\venv\Lib\site-packages\pandas\core\frame.py", line 4911, in _set_value
    self._mgr.column_setitem(icol, iindex, value, inplace_only=True)
    ~~~~~~~~~~~~~~~~~~~~~~~~^^^^^^^^^^^^^^^^^^^^^^^^^^^^^^^^^^^^^^^^
  File "C:\Projeto\Fazenda Morro Branco\Code\backend\venv\Lib\site-packages\pandas\core\internals\managers.py", line 1518, in column_setitem
    col_mgr.setitem_inplace(idx, value)
    ~~~~~~~~~~~~~~~~~~~~~~~^^^^^^^^^^^^
  File "C:\Projeto\Fazenda Morro Branco\Code\backend\venv\Lib\site-packages\pandas\core\internals\managers.py", line 2220, in setitem_inplace
    value = np_can_hold_element(arr.dtype, value)
  File "C:\Projeto\Fazenda Morro Branco\Code\backend\venv\Lib\site-packages\pandas\core\dtypes\cast.py", line 1750, in np_can_hold_element
    raise LossySetitemError
pandas.errors.LossySetitemError

During handling of the above exception, another exception occurred:

Traceback (most recent call last):
  File "C:\Projeto\Fazenda Morro Branco\Code\backend\venv\Lib\site-packages\pandas\core\internals\blocks.py", line 1115, in setitem
    casted = np_can_hold_element(values.dtype, value)
  File "C:\Projeto\Fazenda Morro Branco\Code\backend\venv\Lib\site-packages\pandas\core\dtypes\cast.py", line 1750, in np_can_hold_element
    raise LossySetitemError
pandas.errors.LossySetitemError

During handling of the above exception, another exception occurred:

Traceback (most recent call last):
  File "C:\Projeto\Fazenda Morro Branco\Code\backend\venv\Lib\site-packages\uvicorn\protocols\http\h11_impl.py", line 415, in run_asgi
    result = await app(  # type: ignore[func-returns-value]
             ^^^^^^^^^^^^^^^^^^^^^^^^^^^^^^^^^^^^^^^^^^^^^^
        self.scope, self.receive, self.send
        ^^^^^^^^^^^^^^^^^^^^^^^^^^^^^^^^^^^
    )
    ^
  File "C:\Projeto\Fazenda Morro Branco\Code\backend\venv\Lib\site-packages\uvicorn\middleware\proxy_headers.py", line 56, in __call__
    return await self.app(scope, receive, send)
           ^^^^^^^^^^^^^^^^^^^^^^^^^^^^^^^^^^^^
  File "C:\Projeto\Fazenda Morro Branco\Code\backend\venv\Lib\site-packages\fastapi\applications.py", line 1159, in __call__
    await super().__call__(scope, receive, send)
  File "C:\Projeto\Fazenda Morro Branco\Code\backend\venv\Lib\site-packages\starlette\applications.py", line 90, in __call__
    await self.middleware_stack(scope, receive, send)
  File "C:\Projeto\Fazenda Morro Branco\Code\backend\venv\Lib\site-packages\starlette\middleware\errors.py", line 186, in __call__
    raise exc
  File "C:\Projeto\Fazenda Morro Branco\Code\backend\venv\Lib\site-packages\starlette\middleware\errors.py", line 164, in __call__
    await self.app(scope, receive, _send)
  File "C:\Projeto\Fazenda Morro Branco\Code\backend\venv\Lib\site-packages\starlette\middleware\cors.py", line 96, in __call__
    await self.simple_response(scope, receive, send, request_headers=headers)
  File "C:\Projeto\Fazenda Morro Branco\Code\backend\venv\Lib\site-packages\starlette\middleware\cors.py", line 154, in simple_response
    await self.app(scope, receive, send)
  File "C:\Projeto\Fazenda Morro Branco\Code\backend\venv\Lib\site-packages\starlette\middleware\exceptions.py", line 63, in __call__
    await wrap_app_handling_exceptions(self.app, conn)(scope, receive, send)
  File "C:\Projeto\Fazenda Morro Branco\Code\backend\venv\Lib\site-packages\starlette\_exception_handler.py", line 53, in wrapped_app
    raise exc
  File "C:\Projeto\Fazenda Morro Branco\Code\backend\venv\Lib\site-packages\starlette\_exception_handler.py", line 42, in wrapped_app
    await app(scope, receive, sender)
  File "C:\Projeto\Fazenda Morro Branco\Code\backend\venv\Lib\site-packages\fastapi\middleware\asyncexitstack.py", line 18, in __call__
    await self.app(scope, receive, send)
  File "C:\Projeto\Fazenda Morro Branco\Code\backend\venv\Lib\site-packages\starlette\routing.py", line 660, in __call__
    await self.middleware_stack(scope, receive, send)
  File "C:\Projeto\Fazenda Morro Branco\Code\backend\venv\Lib\site-packages\starlette\routing.py", line 680, in app
    await route.handle(scope, receive, send)
  File "C:\Projeto\Fazenda Morro Branco\Code\backend\venv\Lib\site-packages\starlette\routing.py", line 276, in handle
    await self.app(scope, receive, send)
  File "C:\Projeto\Fazenda Morro Branco\Code\backend\venv\Lib\site-packages\fastapi\routing.py", line 134, in app
    await wrap_app_handling_exceptions(app, request)(scope, receive, send)
  File "C:\Projeto\Fazenda Morro Branco\Code\backend\venv\Lib\site-packages\starlette\_exception_handler.py", line 53, in wrapped_app
    raise exc
  File "C:\Projeto\Fazenda Morro Branco\Code\backend\venv\Lib\site-packages\starlette\_exception_handler.py", line 42, in wrapped_app
    await app(scope, receive, sender)
  File "C:\Projeto\Fazenda Morro Branco\Code\backend\venv\Lib\site-packages\fastapi\routing.py", line 120, in app
    response = await f(request)
               ^^^^^^^^^^^^^^^^
  File "C:\Projeto\Fazenda Morro Branco\Code\backend\venv\Lib\site-packages\fastapi\routing.py", line 674, in app
    raw_response = await run_endpoint_function(
                   ^^^^^^^^^^^^^^^^^^^^^^^^^^^^
    ...<3 lines>...
    )
    ^
  File "C:\Projeto\Fazenda Morro Branco\Code\backend\venv\Lib\site-packages\fastapi\routing.py", line 330, in run_endpoint_function
    return await run_in_threadpool(dependant.call, **values)
           ^^^^^^^^^^^^^^^^^^^^^^^^^^^^^^^^^^^^^^^^^^^^^^^^^
  File "C:\Projeto\Fazenda Morro Branco\Code\backend\venv\Lib\site-packages\starlette\concurrency.py", line 32, in run_in_threadpool
    return await anyio.to_thread.run_sync(func)
           ^^^^^^^^^^^^^^^^^^^^^^^^^^^^^^^^^^^^
  File "C:\Projeto\Fazenda Morro Branco\Code\backend\venv\Lib\site-packages\anyio\to_thread.py", line 63, in run_sync
    return await get_async_backend().run_sync_in_worker_thread(
           ^^^^^^^^^^^^^^^^^^^^^^^^^^^^^^^^^^^^^^^^^^^^^^^^^^^^
        func, args, abandon_on_cancel=abandon_on_cancel, limiter=limiter
        ^^^^^^^^^^^^^^^^^^^^^^^^^^^^^^^^^^^^^^^^^^^^^^^^^^^^^^^^^^^^^^^^
    )
    ^
  File "C:\Projeto\Fazenda Morro Branco\Code\backend\venv\Lib\site-packages\anyio\_backends\_asyncio.py", line 2518, in run_sync_in_worker_thread
    return await future
           ^^^^^^^^^^^^
  File "C:\Projeto\Fazenda Morro Branco\Code\backend\venv\Lib\site-packages\anyio\_backends\_asyncio.py", line 1002, in run
    result = context.run(func, *args)
  File "C:\Projeto\Fazenda Morro Branco\Code\backend\main.py", line 712, in update_record
    updated = store.update_record(registro_id, updates)
  File "C:\Projeto\Fazenda Morro Branco\Code\backend\services\record_store.py", line 110, in update_record
    self._df.at[idx, campo] = novo_valor
    ~~~~~~~~~~~^^^^^^^^^^^^
  File "C:\Projeto\Fazenda Morro Branco\Code\backend\venv\Lib\site-packages\pandas\core\indexing.py", line 2592, in __setitem__
    return super().__setitem__(key, value)
           ~~~~~~~~~~~~~~~~~~~^^^^^^^^^^^^
  File "C:\Projeto\Fazenda Morro Branco\Code\backend\venv\Lib\site-packages\pandas\core\indexing.py", line 2542, in __setitem__
    self.obj._set_value(*key, value=value, takeable=self._takeable)
    ~~~~~~~~~~~~~~~~~~~^^^^^^^^^^^^^^^^^^^^^^^^^^^^^^^^^^^^^^^^^^^^
  File "C:\Projeto\Fazenda Morro Branco\Code\backend\venv\Lib\site-packages\pandas\core\frame.py", line 4922, in _set_value
    self.loc[index, col] = value
    ~~~~~~~~^^^^^^^^^^^^
  File "C:\Projeto\Fazenda Morro Branco\Code\backend\venv\Lib\site-packages\pandas\core\indexing.py", line 938, in __setitem__
    iloc._setitem_with_indexer(indexer, value, self.name)
    ~~~~~~~~~~~~~~~~~~~~~~~~~~^^^^^^^^^^^^^^^^^^^^^^^^^^^
  File "C:\Projeto\Fazenda Morro Branco\Code\backend\venv\Lib\site-packages\pandas\core\indexing.py", line 1953, in _setitem_with_indexer
    self._setitem_with_indexer_split_path(indexer, value, name)
    ~~~~~~~~~~~~~~~~~~~~~~~~~~~~~~~~~~~~~^^^^^^^^^^^^^^^^^^^^^^
  File "C:\Projeto\Fazenda Morro Branco\Code\backend\venv\Lib\site-packages\pandas\core\indexing.py", line 2044, in _setitem_with_indexer_split_path
    self._setitem_single_column(loc, value, pi)
    ~~~~~~~~~~~~~~~~~~~~~~~~~~~^^^^^^^^^^^^^^^^
  File "C:\Projeto\Fazenda Morro Branco\Code\backend\venv\Lib\site-packages\pandas\core\indexing.py", line 2181, in _setitem_single_column
    self.obj._mgr.column_setitem(loc, plane_indexer, value)
    ~~~~~~~~~~~~~~~~~~~~~~~~~~~~^^^^^^^^^^^^^^^^^^^^^^^^^^^
  File "C:\Projeto\Fazenda Morro Branco\Code\backend\venv\Lib\site-packages\pandas\core\internals\managers.py", line 1520, in column_setitem
    new_mgr = col_mgr.setitem((idx,), value)
  File "C:\Projeto\Fazenda Morro Branco\Code\backend\venv\Lib\site-packages\pandas\core\internals\managers.py", line 604, in setitem
    return self.apply("setitem", indexer=indexer, value=value)
           ~~~~~~~~~~^^^^^^^^^^^^^^^^^^^^^^^^^^^^^^^^^^^^^^^^^
  File "C:\Projeto\Fazenda Morro Branco\Code\backend\venv\Lib\site-packages\pandas\core\internals\managers.py", line 442, in apply
    applied = getattr(b, f)(**kwargs)
  File "C:\Projeto\Fazenda Morro Branco\Code\backend\venv\Lib\site-packages\pandas\core\internals\blocks.py", line 1118, in setitem
    nb = self.coerce_to_target_dtype(value, raise_on_upcast=True)
  File "C:\Projeto\Fazenda Morro Branco\Code\backend\venv\Lib\site-packages\pandas\core\internals\blocks.py", line 468, in coerce_to_target_dtype
    raise TypeError(f"Invalid value '{other}' for dtype '{self.values.dtype}'")
TypeError: Invalid value '486.92' for dtype 'int64'
WARNING:  StatReload detected changes in 'services\data_cleaner.py'. Reloading...
INFO:     Shutting down
INFO:     Waiting for application shutdown.
INFO:     Application shutdown complete.
INFO:     Finished server process [12264]
INFO:     Started server process [3128]
INFO:     Waiting for application startup.
INFO:     Application startup complete.
ERROR:    Exception in ASGI application
Traceback (most recent call last):
  File "C:\Projeto\Fazenda Morro Branco\Code\backend\venv\Lib\site-packages\pandas\core\frame.py", line 4911, in _set_value
    self._mgr.column_setitem(icol, iindex, value, inplace_only=True)
    ~~~~~~~~~~~~~~~~~~~~~~~~^^^^^^^^^^^^^^^^^^^^^^^^^^^^^^^^^^^^^^^^
  File "C:\Projeto\Fazenda Morro Branco\Code\backend\venv\Lib\site-packages\pandas\core\internals\managers.py", line 1518, in column_setitem
    col_mgr.setitem_inplace(idx, value)
    ~~~~~~~~~~~~~~~~~~~~~~~^^^^^^^^^^^^
  File "C:\Projeto\Fazenda Morro Branco\Code\backend\venv\Lib\site-packages\pandas\core\internals\managers.py", line 2226, in setitem_inplace
    arr[indexer] = value
    ~~~^^^^^^^^^
  File "C:\Projeto\Fazenda Morro Branco\Code\backend\venv\Lib\site-packages\pandas\core\arrays\masked.py", line 377, in __setitem__
    value = self._validate_setitem_value(value)
  File "C:\Projeto\Fazenda Morro Branco\Code\backend\venv\Lib\site-packages\pandas\core\arrays\masked.py", line 363, in _validate_setitem_value
    raise TypeError(f"Invalid value '{value!s}' for dtype '{self.dtype}'")
TypeError: Invalid value '441' for dtype 'Int64'

During handling of the above exception, another exception occurred:

Traceback (most recent call last):
  File "C:\Projeto\Fazenda Morro Branco\Code\backend\venv\Lib\site-packages\uvicorn\protocols\http\h11_impl.py", line 415, in run_asgi
    result = await app(  # type: ignore[func-returns-value]
             ^^^^^^^^^^^^^^^^^^^^^^^^^^^^^^^^^^^^^^^^^^^^^^
        self.scope, self.receive, self.send
        ^^^^^^^^^^^^^^^^^^^^^^^^^^^^^^^^^^^
    )
    ^
  File "C:\Projeto\Fazenda Morro Branco\Code\backend\venv\Lib\site-packages\uvicorn\middleware\proxy_headers.py", line 56, in __call__
    return await self.app(scope, receive, send)
           ^^^^^^^^^^^^^^^^^^^^^^^^^^^^^^^^^^^^
  File "C:\Projeto\Fazenda Morro Branco\Code\backend\venv\Lib\site-packages\fastapi\applications.py", line 1159, in __call__
    await super().__call__(scope, receive, send)
  File "C:\Projeto\Fazenda Morro Branco\Code\backend\venv\Lib\site-packages\starlette\applications.py", line 90, in __call__
    await self.middleware_stack(scope, receive, send)
  File "C:\Projeto\Fazenda Morro Branco\Code\backend\venv\Lib\site-packages\starlette\middleware\errors.py", line 186, in __call__
    raise exc
  File "C:\Projeto\Fazenda Morro Branco\Code\backend\venv\Lib\site-packages\starlette\middleware\errors.py", line 164, in __call__
    await self.app(scope, receive, _send)
  File "C:\Projeto\Fazenda Morro Branco\Code\backend\venv\Lib\site-packages\starlette\middleware\cors.py", line 96, in __call__
    await self.simple_response(scope, receive, send, request_headers=headers)
  File "C:\Projeto\Fazenda Morro Branco\Code\backend\venv\Lib\site-packages\starlette\middleware\cors.py", line 154, in simple_response
    await self.app(scope, receive, send)
  File "C:\Projeto\Fazenda Morro Branco\Code\backend\venv\Lib\site-packages\starlette\middleware\exceptions.py", line 63, in __call__
    await wrap_app_handling_exceptions(self.app, conn)(scope, receive, send)
  File "C:\Projeto\Fazenda Morro Branco\Code\backend\venv\Lib\site-packages\starlette\_exception_handler.py", line 53, in wrapped_app
    raise exc
  File "C:\Projeto\Fazenda Morro Branco\Code\backend\venv\Lib\site-packages\starlette\_exception_handler.py", line 42, in wrapped_app
    await app(scope, receive, sender)
  File "C:\Projeto\Fazenda Morro Branco\Code\backend\venv\Lib\site-packages\fastapi\middleware\asyncexitstack.py", line 18, in __call__
    await self.app(scope, receive, send)
  File "C:\Projeto\Fazenda Morro Branco\Code\backend\venv\Lib\site-packages\starlette\routing.py", line 660, in __call__
    await self.middleware_stack(scope, receive, send)
  File "C:\Projeto\Fazenda Morro Branco\Code\backend\venv\Lib\site-packages\starlette\routing.py", line 680, in app
    await route.handle(scope, receive, send)
  File "C:\Projeto\Fazenda Morro Branco\Code\backend\venv\Lib\site-packages\starlette\routing.py", line 276, in handle
    await self.app(scope, receive, send)
  File "C:\Projeto\Fazenda Morro Branco\Code\backend\venv\Lib\site-packages\fastapi\routing.py", line 134, in app
    await wrap_app_handling_exceptions(app, request)(scope, receive, send)
  File "C:\Projeto\Fazenda Morro Branco\Code\backend\venv\Lib\site-packages\starlette\_exception_handler.py", line 53, in wrapped_app
    raise exc
  File "C:\Projeto\Fazenda Morro Branco\Code\backend\venv\Lib\site-packages\starlette\_exception_handler.py", line 42, in wrapped_app
    await app(scope, receive, sender)
  File "C:\Projeto\Fazenda Morro Branco\Code\backend\venv\Lib\site-packages\fastapi\routing.py", line 120, in app
    response = await f(request)
               ^^^^^^^^^^^^^^^^
  File "C:\Projeto\Fazenda Morro Branco\Code\backend\venv\Lib\site-packages\fastapi\routing.py", line 674, in app
    raw_response = await run_endpoint_function(
                   ^^^^^^^^^^^^^^^^^^^^^^^^^^^^
    ...<3 lines>...
    )
    ^
  File "C:\Projeto\Fazenda Morro Branco\Code\backend\venv\Lib\site-packages\fastapi\routing.py", line 330, in run_endpoint_function
    return await run_in_threadpool(dependant.call, **values)
           ^^^^^^^^^^^^^^^^^^^^^^^^^^^^^^^^^^^^^^^^^^^^^^^^^
  File "C:\Projeto\Fazenda Morro Branco\Code\backend\venv\Lib\site-packages\starlette\concurrency.py", line 32, in run_in_threadpool
    return await anyio.to_thread.run_sync(func)
           ^^^^^^^^^^^^^^^^^^^^^^^^^^^^^^^^^^^^
  File "C:\Projeto\Fazenda Morro Branco\Code\backend\venv\Lib\site-packages\anyio\to_thread.py", line 63, in run_sync
    return await get_async_backend().run_sync_in_worker_thread(
           ^^^^^^^^^^^^^^^^^^^^^^^^^^^^^^^^^^^^^^^^^^^^^^^^^^^^
        func, args, abandon_on_cancel=abandon_on_cancel, limiter=limiter
        ^^^^^^^^^^^^^^^^^^^^^^^^^^^^^^^^^^^^^^^^^^^^^^^^^^^^^^^^^^^^^^^^
    )
    ^
  File "C:\Projeto\Fazenda Morro Branco\Code\backend\venv\Lib\site-packages\anyio\_backends\_asyncio.py", line 2518, in run_sync_in_worker_thread
    return await future
           ^^^^^^^^^^^^
  File "C:\Projeto\Fazenda Morro Branco\Code\backend\venv\Lib\site-packages\anyio\_backends\_asyncio.py", line 1002, in run
    result = context.run(func, *args)
  File "C:\Projeto\Fazenda Morro Branco\Code\backend\main.py", line 712, in update_record
    updated = store.update_record(registro_id, updates)
  File "C:\Projeto\Fazenda Morro Branco\Code\backend\services\record_store.py", line 110, in update_record
    self._df.at[idx, campo] = novo_valor
    ~~~~~~~~~~~^^^^^^^^^^^^
  File "C:\Projeto\Fazenda Morro Branco\Code\backend\venv\Lib\site-packages\pandas\core\indexing.py", line 2592, in __setitem__
    return super().__setitem__(key, value)
           ~~~~~~~~~~~~~~~~~~~^^^^^^^^^^^^
  File "C:\Projeto\Fazenda Morro Branco\Code\backend\venv\Lib\site-packages\pandas\core\indexing.py", line 2542, in __setitem__
    self.obj._set_value(*key, value=value, takeable=self._takeable)
    ~~~~~~~~~~~~~~~~~~~^^^^^^^^^^^^^^^^^^^^^^^^^^^^^^^^^^^^^^^^^^^^
  File "C:\Projeto\Fazenda Morro Branco\Code\backend\venv\Lib\site-packages\pandas\core\frame.py", line 4922, in _set_value
    self.loc[index, col] = value
    ~~~~~~~~^^^^^^^^^^^^
  File "C:\Projeto\Fazenda Morro Branco\Code\backend\venv\Lib\site-packages\pandas\core\indexing.py", line 938, in __setitem__
    iloc._setitem_with_indexer(indexer, value, self.name)
    ~~~~~~~~~~~~~~~~~~~~~~~~~~^^^^^^^^^^^^^^^^^^^^^^^^^^^
  File "C:\Projeto\Fazenda Morro Branco\Code\backend\venv\Lib\site-packages\pandas\core\indexing.py", line 1953, in _setitem_with_indexer
    self._setitem_with_indexer_split_path(indexer, value, name)
    ~~~~~~~~~~~~~~~~~~~~~~~~~~~~~~~~~~~~~^^^^^^^^^^^^^^^^^^^^^^
  File "C:\Projeto\Fazenda Morro Branco\Code\backend\venv\Lib\site-packages\pandas\core\indexing.py", line 2044, in _setitem_with_indexer_split_path
    self._setitem_single_column(loc, value, pi)
    ~~~~~~~~~~~~~~~~~~~~~~~~~~~^^^^^^^^^^^^^^^^
  File "C:\Projeto\Fazenda Morro Branco\Code\backend\venv\Lib\site-packages\pandas\core\indexing.py", line 2181, in _setitem_single_column
    self.obj._mgr.column_setitem(loc, plane_indexer, value)
    ~~~~~~~~~~~~~~~~~~~~~~~~~~~~^^^^^^^^^^^^^^^^^^^^^^^^^^^
  File "C:\Projeto\Fazenda Morro Branco\Code\backend\venv\Lib\site-packages\pandas\core\internals\managers.py", line 1520, in column_setitem
    new_mgr = col_mgr.setitem((idx,), value)
  File "C:\Projeto\Fazenda Morro Branco\Code\backend\venv\Lib\site-packages\pandas\core\internals\managers.py", line 604, in setitem
    return self.apply("setitem", indexer=indexer, value=value)
           ~~~~~~~~~~^^^^^^^^^^^^^^^^^^^^^^^^^^^^^^^^^^^^^^^^^
  File "C:\Projeto\Fazenda Morro Branco\Code\backend\venv\Lib\site-packages\pandas\core\internals\managers.py", line 442, in apply
    applied = getattr(b, f)(**kwargs)
  File "C:\Projeto\Fazenda Morro Branco\Code\backend\venv\Lib\site-packages\pandas\core\internals\blocks.py", line 1667, in setitem
    values[indexer] = value
    ~~~~~~^^^^^^^^^
  File "C:\Projeto\Fazenda Morro Branco\Code\backend\venv\Lib\site-packages\pandas\core\arrays\masked.py", line 377, in __setitem__
    value = self._validate_setitem_value(value)
  File "C:\Projeto\Fazenda Morro Branco\Code\backend\venv\Lib\site-packages\pandas\core\arrays\masked.py", line 363, in _validate_setitem_value
    raise TypeError(f"Invalid value '{value!s}' for dtype '{self.dtype}'")
TypeError: Invalid value '441' for dtype 'Int64'
ERROR:    Exception in ASGI application
Traceback (most recent call last):
  File "C:\Projeto\Fazenda Morro Branco\Code\backend\venv\Lib\site-packages\pandas\core\frame.py", line 4911, in _set_value
    self._mgr.column_setitem(icol, iindex, value, inplace_only=True)
    ~~~~~~~~~~~~~~~~~~~~~~~~^^^^^^^^^^^^^^^^^^^^^^^^^^^^^^^^^^^^^^^^
  File "C:\Projeto\Fazenda Morro Branco\Code\backend\venv\Lib\site-packages\pandas\core\internals\managers.py", line 1518, in column_setitem
    col_mgr.setitem_inplace(idx, value)
    ~~~~~~~~~~~~~~~~~~~~~~~^^^^^^^^^^^^
  File "C:\Projeto\Fazenda Morro Branco\Code\backend\venv\Lib\site-packages\pandas\core\internals\managers.py", line 2226, in setitem_inplace
    arr[indexer] = value
    ~~~^^^^^^^^^
  File "C:\Projeto\Fazenda Morro Branco\Code\backend\venv\Lib\site-packages\pandas\core\arrays\masked.py", line 377, in __setitem__
    value = self._validate_setitem_value(value)
  File "C:\Projeto\Fazenda Morro Branco\Code\backend\venv\Lib\site-packages\pandas\core\arrays\masked.py", line 363, in _validate_setitem_value
    raise TypeError(f"Invalid value '{value!s}' for dtype '{self.dtype}'")
TypeError: Invalid value '441' for dtype 'Int64'

During handling of the above exception, another exception occurred:

Traceback (most recent call last):
  File "C:\Projeto\Fazenda Morro Branco\Code\backend\venv\Lib\site-packages\uvicorn\protocols\http\h11_impl.py", line 415, in run_asgi
    result = await app(  # type: ignore[func-returns-value]
             ^^^^^^^^^^^^^^^^^^^^^^^^^^^^^^^^^^^^^^^^^^^^^^
        self.scope, self.receive, self.send
        ^^^^^^^^^^^^^^^^^^^^^^^^^^^^^^^^^^^
    )
    ^
  File "C:\Projeto\Fazenda Morro Branco\Code\backend\venv\Lib\site-packages\uvicorn\middleware\proxy_headers.py", line 56, in __call__
    return await self.app(scope, receive, send)
           ^^^^^^^^^^^^^^^^^^^^^^^^^^^^^^^^^^^^
  File "C:\Projeto\Fazenda Morro Branco\Code\backend\venv\Lib\site-packages\fastapi\applications.py", line 1159, in __call__
    await super().__call__(scope, receive, send)
  File "C:\Projeto\Fazenda Morro Branco\Code\backend\venv\Lib\site-packages\starlette\applications.py", line 90, in __call__
    await self.middleware_stack(scope, receive, send)
  File "C:\Projeto\Fazenda Morro Branco\Code\backend\venv\Lib\site-packages\starlette\middleware\errors.py", line 186, in __call__
    raise exc
  File "C:\Projeto\Fazenda Morro Branco\Code\backend\venv\Lib\site-packages\starlette\middleware\errors.py", line 164, in __call__
    await self.app(scope, receive, _send)
  File "C:\Projeto\Fazenda Morro Branco\Code\backend\venv\Lib\site-packages\starlette\middleware\cors.py", line 96, in __call__
    await self.simple_response(scope, receive, send, request_headers=headers)
  File "C:\Projeto\Fazenda Morro Branco\Code\backend\venv\Lib\site-packages\starlette\middleware\cors.py", line 154, in simple_response
    await self.app(scope, receive, send)
  File "C:\Projeto\Fazenda Morro Branco\Code\backend\venv\Lib\site-packages\starlette\middleware\exceptions.py", line 63, in __call__
    await wrap_app_handling_exceptions(self.app, conn)(scope, receive, send)
  File "C:\Projeto\Fazenda Morro Branco\Code\backend\venv\Lib\site-packages\starlette\_exception_handler.py", line 53, in wrapped_app
    raise exc
  File "C:\Projeto\Fazenda Morro Branco\Code\backend\venv\Lib\site-packages\starlette\_exception_handler.py", line 42, in wrapped_app
    await app(scope, receive, sender)
  File "C:\Projeto\Fazenda Morro Branco\Code\backend\venv\Lib\site-packages\fastapi\middleware\asyncexitstack.py", line 18, in __call__
    await self.app(scope, receive, send)
  File "C:\Projeto\Fazenda Morro Branco\Code\backend\venv\Lib\site-packages\starlette\routing.py", line 660, in __call__
    await self.middleware_stack(scope, receive, send)
  File "C:\Projeto\Fazenda Morro Branco\Code\backend\venv\Lib\site-packages\starlette\routing.py", line 680, in app
    await route.handle(scope, receive, send)
  File "C:\Projeto\Fazenda Morro Branco\Code\backend\venv\Lib\site-packages\starlette\routing.py", line 276, in handle
    await self.app(scope, receive, send)
  File "C:\Projeto\Fazenda Morro Branco\Code\backend\venv\Lib\site-packages\fastapi\routing.py", line 134, in app
    await wrap_app_handling_exceptions(app, request)(scope, receive, send)
  File "C:\Projeto\Fazenda Morro Branco\Code\backend\venv\Lib\site-packages\starlette\_exception_handler.py", line 53, in wrapped_app
    raise exc
  File "C:\Projeto\Fazenda Morro Branco\Code\backend\venv\Lib\site-packages\starlette\_exception_handler.py", line 42, in wrapped_app
    await app(scope, receive, sender)
  File "C:\Projeto\Fazenda Morro Branco\Code\backend\venv\Lib\site-packages\fastapi\routing.py", line 120, in app
    response = await f(request)
               ^^^^^^^^^^^^^^^^
  File "C:\Projeto\Fazenda Morro Branco\Code\backend\venv\Lib\site-packages\fastapi\routing.py", line 674, in app
    raw_response = await run_endpoint_function(
                   ^^^^^^^^^^^^^^^^^^^^^^^^^^^^
    ...<3 lines>...
    )
    ^
  File "C:\Projeto\Fazenda Morro Branco\Code\backend\venv\Lib\site-packages\fastapi\routing.py", line 330, in run_endpoint_function
    return await run_in_threadpool(dependant.call, **values)
           ^^^^^^^^^^^^^^^^^^^^^^^^^^^^^^^^^^^^^^^^^^^^^^^^^
  File "C:\Projeto\Fazenda Morro Branco\Code\backend\venv\Lib\site-packages\starlette\concurrency.py", line 32, in run_in_threadpool
    return await anyio.to_thread.run_sync(func)
           ^^^^^^^^^^^^^^^^^^^^^^^^^^^^^^^^^^^^
  File "C:\Projeto\Fazenda Morro Branco\Code\backend\venv\Lib\site-packages\anyio\to_thread.py", line 63, in run_sync
    return await get_async_backend().run_sync_in_worker_thread(
           ^^^^^^^^^^^^^^^^^^^^^^^^^^^^^^^^^^^^^^^^^^^^^^^^^^^^
        func, args, abandon_on_cancel=abandon_on_cancel, limiter=limiter
        ^^^^^^^^^^^^^^^^^^^^^^^^^^^^^^^^^^^^^^^^^^^^^^^^^^^^^^^^^^^^^^^^
    )
    ^
  File "C:\Projeto\Fazenda Morro Branco\Code\backend\venv\Lib\site-packages\anyio\_backends\_asyncio.py", line 2518, in run_sync_in_worker_thread
    return await future
           ^^^^^^^^^^^^
  File "C:\Projeto\Fazenda Morro Branco\Code\backend\venv\Lib\site-packages\anyio\_backends\_asyncio.py", line 1002, in run
    result = context.run(func, *args)
  File "C:\Projeto\Fazenda Morro Branco\Code\backend\main.py", line 712, in update_record
    updated = store.update_record(registro_id, updates)
  File "C:\Projeto\Fazenda Morro Branco\Code\backend\services\record_store.py", line 110, in update_record
    self._df.at[idx, campo] = novo_valor
    ~~~~~~~~~~~^^^^^^^^^^^^
  File "C:\Projeto\Fazenda Morro Branco\Code\backend\venv\Lib\site-packages\pandas\core\indexing.py", line 2592, in __setitem__
    return super().__setitem__(key, value)
           ~~~~~~~~~~~~~~~~~~~^^^^^^^^^^^^
  File "C:\Projeto\Fazenda Morro Branco\Code\backend\venv\Lib\site-packages\pandas\core\indexing.py", line 2542, in __setitem__
    self.obj._set_value(*key, value=value, takeable=self._takeable)
    ~~~~~~~~~~~~~~~~~~~^^^^^^^^^^^^^^^^^^^^^^^^^^^^^^^^^^^^^^^^^^^^
  File "C:\Projeto\Fazenda Morro Branco\Code\backend\venv\Lib\site-packages\pandas\core\frame.py", line 4922, in _set_value
    self.loc[index, col] = value
    ~~~~~~~~^^^^^^^^^^^^
  File "C:\Projeto\Fazenda Morro Branco\Code\backend\venv\Lib\site-packages\pandas\core\indexing.py", line 938, in __setitem__
    iloc._setitem_with_indexer(indexer, value, self.name)
    ~~~~~~~~~~~~~~~~~~~~~~~~~~^^^^^^^^^^^^^^^^^^^^^^^^^^^
  File "C:\Projeto\Fazenda Morro Branco\Code\backend\venv\Lib\site-packages\pandas\core\indexing.py", line 1953, in _setitem_with_indexer
    self._setitem_with_indexer_split_path(indexer, value, name)
    ~~~~~~~~~~~~~~~~~~~~~~~~~~~~~~~~~~~~~^^^^^^^^^^^^^^^^^^^^^^
  File "C:\Projeto\Fazenda Morro Branco\Code\backend\venv\Lib\site-packages\pandas\core\indexing.py", line 2044, in _setitem_with_indexer_split_path
    self._setitem_single_column(loc, value, pi)
    ~~~~~~~~~~~~~~~~~~~~~~~~~~~^^^^^^^^^^^^^^^^
  File "C:\Projeto\Fazenda Morro Branco\Code\backend\venv\Lib\site-packages\pandas\core\indexing.py", line 2181, in _setitem_single_column
    self.obj._mgr.column_setitem(loc, plane_indexer, value)
    ~~~~~~~~~~~~~~~~~~~~~~~~~~~~^^^^^^^^^^^^^^^^^^^^^^^^^^^
  File "C:\Projeto\Fazenda Morro Branco\Code\backend\venv\Lib\site-packages\pandas\core\internals\managers.py", line 1520, in column_setitem
    new_mgr = col_mgr.setitem((idx,), value)
  File "C:\Projeto\Fazenda Morro Branco\Code\backend\venv\Lib\site-packages\pandas\core\internals\managers.py", line 604, in setitem
    return self.apply("setitem", indexer=indexer, value=value)
           ~~~~~~~~~~^^^^^^^^^^^^^^^^^^^^^^^^^^^^^^^^^^^^^^^^^
  File "C:\Projeto\Fazenda Morro Branco\Code\backend\venv\Lib\site-packages\pandas\core\internals\managers.py", line 442, in apply
    applied = getattr(b, f)(**kwargs)
  File "C:\Projeto\Fazenda Morro Branco\Code\backend\venv\Lib\site-packages\pandas\core\internals\blocks.py", line 1667, in setitem
    values[indexer] = value
    ~~~~~~^^^^^^^^^
  File "C:\Projeto\Fazenda Morro Branco\Code\backend\venv\Lib\site-packages\pandas\core\arrays\masked.py", line 377, in __setitem__
    value = self._validate_setitem_value(value)
  File "C:\Projeto\Fazenda Morro Branco\Code\backend\venv\Lib\site-packages\pandas\core\arrays\masked.py", line 363, in _validate_setitem_value
    raise TypeError(f"Invalid value '{value!s}' for dtype '{self.dtype}'")
TypeError: Invalid value '441' for dtype 'Int64'
WARNING:  StatReload detected changes in 'services\data_cleaner.py'. Reloading...
INFO:     Shutting down
INFO:     Waiting for application shutdown.
INFO:     Application shutdown complete.
INFO:     Finished server process [3128]
INFO:     Started server process [17112]
INFO:     Waiting for application startup.
INFO:     Application startup complete.
WARNING:  StatReload detected changes in 'services\data_cleaner.py'. Reloading...
INFO:     Shutting down
INFO:     Waiting for connections to close. (CTRL+C to force quit)
INFO:     Waiting for application shutdown.
INFO:     Application shutdown complete.
INFO:     Finished server process [17112]
INFO:     Started server process [20820]
INFO:     Waiting for application startup.
INFO:     Application startup complete.
WARNING:  StatReload detected changes in 'services\kpi_engine.py'. Reloading...
INFO:     Shutting down
INFO:     Waiting for application shutdown.
INFO:     Application shutdown complete.
INFO:     Finished server process [20820]
INFO:     Started server process [25420]
INFO:     Waiting for application startup.
INFO:     Application startup complete.
WARNING:  StatReload detected changes in 'main.py'. Reloading...
INFO:     Shutting down
INFO:     Waiting for connections to close. (CTRL+C to force quit)
INFO:     Waiting for application shutdown.
INFO:     Application shutdown complete.
INFO:     Finished server process [25420]
INFO:     Started server process [25928]
INFO:     Waiting for application startup.
INFO:     Application startup complete.
ERROR:    Exception in ASGI application
Traceback (most recent call last):
  File "C:\Projeto\Fazenda Morro Branco\Code\backend\venv\Lib\site-packages\uvicorn\protocols\http\h11_impl.py", line 415, in run_asgi
    result = await app(  # type: ignore[func-returns-value]
             ^^^^^^^^^^^^^^^^^^^^^^^^^^^^^^^^^^^^^^^^^^^^^^
        self.scope, self.receive, self.send
        ^^^^^^^^^^^^^^^^^^^^^^^^^^^^^^^^^^^
    )
    ^
  File "C:\Projeto\Fazenda Morro Branco\Code\backend\venv\Lib\site-packages\uvicorn\middleware\proxy_headers.py", line 56, in __call__
    return await self.app(scope, receive, send)
           ^^^^^^^^^^^^^^^^^^^^^^^^^^^^^^^^^^^^
  File "C:\Projeto\Fazenda Morro Branco\Code\backend\venv\Lib\site-packages\fastapi\applications.py", line 1159, in __call__
    await super().__call__(scope, receive, send)
  File "C:\Projeto\Fazenda Morro Branco\Code\backend\venv\Lib\site-packages\starlette\applications.py", line 90, in __call__
    await self.middleware_stack(scope, receive, send)
  File "C:\Projeto\Fazenda Morro Branco\Code\backend\venv\Lib\site-packages\starlette\middleware\errors.py", line 186, in __call__
    raise exc
  File "C:\Projeto\Fazenda Morro Branco\Code\backend\venv\Lib\site-packages\starlette\middleware\errors.py", line 164, in __call__
    await self.app(scope, receive, _send)
  File "C:\Projeto\Fazenda Morro Branco\Code\backend\venv\Lib\site-packages\starlette\middleware\cors.py", line 96, in __call__
    await self.simple_response(scope, receive, send, request_headers=headers)
  File "C:\Projeto\Fazenda Morro Branco\Code\backend\venv\Lib\site-packages\starlette\middleware\cors.py", line 154, in simple_response
    await self.app(scope, receive, send)
  File "C:\Projeto\Fazenda Morro Branco\Code\backend\venv\Lib\site-packages\starlette\middleware\exceptions.py", line 63, in __call__
    await wrap_app_handling_exceptions(self.app, conn)(scope, receive, send)
  File "C:\Projeto\Fazenda Morro Branco\Code\backend\venv\Lib\site-packages\starlette\_exception_handler.py", line 53, in wrapped_app
    raise exc
  File "C:\Projeto\Fazenda Morro Branco\Code\backend\venv\Lib\site-packages\starlette\_exception_handler.py", line 42, in wrapped_app
    await app(scope, receive, sender)
  File "C:\Projeto\Fazenda Morro Branco\Code\backend\venv\Lib\site-packages\fastapi\middleware\asyncexitstack.py", line 18, in __call__
    await self.app(scope, receive, send)
  File "C:\Projeto\Fazenda Morro Branco\Code\backend\venv\Lib\site-packages\starlette\routing.py", line 660, in __call__
    await self.middleware_stack(scope, receive, send)
  File "C:\Projeto\Fazenda Morro Branco\Code\backend\venv\Lib\site-packages\starlette\routing.py", line 680, in app
    await route.handle(scope, receive, send)
  File "C:\Projeto\Fazenda Morro Branco\Code\backend\venv\Lib\site-packages\starlette\routing.py", line 276, in handle
    await self.app(scope, receive, send)
  File "C:\Projeto\Fazenda Morro Branco\Code\backend\venv\Lib\site-packages\fastapi\routing.py", line 134, in app
    await wrap_app_handling_exceptions(app, request)(scope, receive, send)
  File "C:\Projeto\Fazenda Morro Branco\Code\backend\venv\Lib\site-packages\starlette\_exception_handler.py", line 53, in wrapped_app
    raise exc
  File "C:\Projeto\Fazenda Morro Branco\Code\backend\venv\Lib\site-packages\starlette\_exception_handler.py", line 42, in wrapped_app
    await app(scope, receive, sender)
  File "C:\Projeto\Fazenda Morro Branco\Code\backend\venv\Lib\site-packages\fastapi\routing.py", line 120, in app
    response = await f(request)
               ^^^^^^^^^^^^^^^^
  File "C:\Projeto\Fazenda Morro Branco\Code\backend\venv\Lib\site-packages\fastapi\routing.py", line 674, in app
    raw_response = await run_endpoint_function(
                   ^^^^^^^^^^^^^^^^^^^^^^^^^^^^
    ...<3 lines>...
    )
    ^
  File "C:\Projeto\Fazenda Morro Branco\Code\backend\venv\Lib\site-packages\fastapi\routing.py", line 330, in run_endpoint_function
    return await run_in_threadpool(dependant.call, **values)
           ^^^^^^^^^^^^^^^^^^^^^^^^^^^^^^^^^^^^^^^^^^^^^^^^^
  File "C:\Projeto\Fazenda Morro Branco\Code\backend\venv\Lib\site-packages\starlette\concurrency.py", line 32, in run_in_threadpool
    return await anyio.to_thread.run_sync(func)
           ^^^^^^^^^^^^^^^^^^^^^^^^^^^^^^^^^^^^
  File "C:\Projeto\Fazenda Morro Branco\Code\backend\venv\Lib\site-packages\anyio\to_thread.py", line 63, in run_sync
    return await get_async_backend().run_sync_in_worker_thread(
           ^^^^^^^^^^^^^^^^^^^^^^^^^^^^^^^^^^^^^^^^^^^^^^^^^^^^
        func, args, abandon_on_cancel=abandon_on_cancel, limiter=limiter
        ^^^^^^^^^^^^^^^^^^^^^^^^^^^^^^^^^^^^^^^^^^^^^^^^^^^^^^^^^^^^^^^^
    )
    ^
  File "C:\Projeto\Fazenda Morro Branco\Code\backend\venv\Lib\site-packages\anyio\_backends\_asyncio.py", line 2518, in run_sync_in_worker_thread
    return await future
           ^^^^^^^^^^^^
  File "C:\Projeto\Fazenda Morro Branco\Code\backend\venv\Lib\site-packages\anyio\_backends\_asyncio.py", line 1002, in run
    result = context.run(func, *args)
  File "C:\Projeto\Fazenda Morro Branco\Code\backend\main.py", line 462, in dashboard
    kpis     = calculate_kpis(filtered_base, start_date=start_date, end_date=end_date)
  File "C:\Projeto\Fazenda Morro Branco\Code\backend\services\kpi_engine.py", line 509, in calculate_kpis
    kpis["total_entradas"] = int(ent_mask.sum())
                             ~~~^^^^^^^^^^^^^^^^
ValueError: invalid literal for int() with base 10: ''
WARNING:  StatReload detected changes in 'services\kpi_engine.py'. Reloading...
INFO:     Shutting down
INFO:     Waiting for application shutdown.
INFO:     Application shutdown complete.
INFO:     Finished server process [25928]
INFO:     Started server process [17768]
INFO:     Waiting for application startup.
INFO:     Application startup complete.
WARNING:  StatReload detected changes in 'services\kpi_engine.py'. Reloading...
INFO:     Shutting down
INFO:     Waiting for application shutdown.
INFO:     Application shutdown complete.
INFO:     Finished server process [17768]
INFO:     Started server process [28384]
INFO:     Waiting for application startup.
INFO:     Application startup complete.
WARNING:  StatReload detected changes in 'services\kpi_engine.py'. Reloading...
INFO:     Shutting down
INFO:     Waiting for application shutdown.
INFO:     Application shutdown complete.
INFO:     Finished server process [28384]
INFO:     Started server process [19924]
INFO:     Waiting for application startup.
INFO:     Application startup complete.
WARNING:  StatReload detected changes in 'services\kpi_engine.py'. Reloading...
INFO:     Shutting down
INFO:     Waiting for connections to close. (CTRL+C to force quit)
INFO:     Waiting for application shutdown.
INFO:     Application shutdown complete.
INFO:     Finished server process [19924]
INFO:     Started server process [26864]
INFO:     Waiting for application startup.
INFO:     Application startup complete.
WARNING:  StatReload detected changes in 'services\kpi_engine.py'. Reloading...
INFO:     Shutting down
INFO:     Waiting for application shutdown.
INFO:     Application shutdown complete.
INFO:     Finished server process [26864]
INFO:     Started server process [15500]
INFO:     Waiting for application startup.
INFO:     Application startup complete.
WARNING:  StatReload detected changes in 'services\kpi_engine.py'. Reloading...
INFO:     Shutting down
INFO:     Waiting for application shutdown.
INFO:     Application shutdown complete.
INFO:     Finished server process [15500]
INFO:     Started server process [21572]
INFO:     Waiting for application startup.
INFO:     Application startup complete.
WARNING:  StatReload detected changes in 'services\kpi_engine.py'. Reloading...
INFO:     Shutting down
INFO:     Waiting for application shutdown.
INFO:     Application shutdown complete.
INFO:     Finished server process [21572]
INFO:     Started server process [20224]
INFO:     Waiting for application startup.
INFO:     Application startup complete.
WARNING:  StatReload detected changes in 'main.py'. Reloading...
INFO:     Shutting down
INFO:     Waiting for application shutdown.
INFO:     Application shutdown complete.
INFO:     Finished server process [20224]
INFO:     Started server process [28720]
INFO:     Waiting for application startup.
INFO:     Application startup complete.
WARNING:  StatReload detected changes in 'main.py'. Reloading...
INFO:     Shutting down
INFO:     Waiting for application shutdown.
INFO:     Application shutdown complete.
INFO:     Finished server process [28720]
INFO:     Started server process [4480]
INFO:     Waiting for application startup.
INFO:     Application startup complete.
